source,author,title,description,url,urlToImage,publishedAt,content
"{'id': None, 'name': 'Forkast.news'}",Dana Ellison,The Junior-Gap Paradox: Stanford Data Shows AI Is Hollowing Out Entry-Level Knowledge Work,"In early 2026, unemployment for new graduates hit 5.6%, a 1.6 percentage point increase from three years prior. This figure is not merely a byproduct of broader economic cycles; it is a direct reflection of how firms are re-engineering their cost structures a…",https://forkast.news/the-junior-gap-paradox-stanford-data-shows-ai-is-hollowing-out-entry-level-knowledge-work/,https://forkast.news/wp-content/uploads/2026/08/stanford-siepr-junior-gap-paradox-1024x572.jpg,2026-08-08T19:11:36Z,"In early 2026, unemployment for new graduates hit 5.6%, a 1.6 percentage point increase from three years prior. This figure is not merely a byproduct of broader economic cycles; it is a direct reflec… [+4216 chars]"
"{'id': 'fortune', 'name': 'Fortune'}",Sebastian Herrera,AI Is changing work faster than the data can keep up,"Recent studies have shown AI having a positive impact on job growth, yet economists and labor activists warn that the emerging technology threatens to quickly transform the financial system.",https://fortune.com/2026/08/08/ai-is-changing-work-faster-than-the-data-can-keep-up/,"https://fortune.com/img-assets/wp-content/uploads/2026/07/GettyImages-2259634870-e1785269298238.jpg?resize=1200,600",2026-08-08T12:00:00Z,"No one can agree on whether AI is taking away jobs.Recent studies have shown AI having a positive impact on job growth and opportunities, yet large groups of economists, as well as labor activists, w… [+8757 chars]"
"{'id': None, 'name': 'Yahoo Entertainment'}",Sebastian Herrera,AI is changing work faster than the data can keep up,"Recent studies have shown AI having a positive impact on job growth, yet economists and labor activists warn that the emerging technology threatens to quickl...",https://finance.yahoo.com/technology/ai/articles/ai-changing-faster-data-keep-120000396.html,https://s.yimg.com/lo/mysterio/api/E58D54D2FBEBA213DDEF7796E4B359AFA72F31194757EA13A19C8C11EB0FD846/subgraphmysterio/resizefill_w1200_h800;quality_80;format_webp/https:%2F%2Fmedia.zenfs.com%2Fen%2Ffortune_175%2Fa4030229ad4bb9ac92024ebe005abdab,2026-08-08T12:00:00Z,"No one can agree on whether AI is taking away jobs.
Recent studies have shown AI having a positive impact on job growth and opportunities, yet large groups of economists, as well as labor activists,… [+8781 chars]"
"{'id': 'the-times-of-india', 'name': 'The Times of India'}",ANI,"AI-linked hiring in India outpaces job losses by over 51,000: Nomura","Artificial intelligence is creating more jobs than it is eliminating in India.  This technology has resulted in a net positive employment impact for the nation.  However, AI is disrupting traditional roles and reducing demand for entry-level workers.  Compani…",https://economictimes.indiatimes.com/jobs/hr-policies-trends/ai-linked-hiring-in-india-outpaces-job-losses-by-over-51000-nomura/articleshow/133051154.cms,"https://img.etimg.com/thumb/msid-133051199,width-1200,height-630,imgsize-217420,overlay-etcareers/articleshow.jpg",2026-08-08T11:07:10Z,"New Delhi: Artificial intelligence (AI) is creating more jobs than it is eliminating in India, with AI-related hiring reaching 83,100 compared with 31,921 documented layoffs and attrition, according … [+3089 chars]"
"{'id': None, 'name': 'Realinvestmentadvice.com'}",Lance Roberts,AI Narrative Risk: The Hyperscaler Story Changes Again.," At a Glance


<ul><!-- wp:list-item -->

<li>AI Narrative Risk: The Hyperscaler Story Changes Again</li>




<li>Market Brief & Technical Review</li>




<li>From Lance's Desk: Sound Money: Be Careful What You Wish For - RIA</li>




<li>Market stat…",https://realinvestmentadvice.com/resources/blog/ai-narrative-risk-the-cost-of-trading-the-story/,https://realinvestmentadvice.com/wp-content/uploads/2025/12/The_Bull_Bear_Report_Header_730_x_410-1.png,2026-08-08T09:58:56Z,"The week the labor market cracked was the week stocks had their best run since April. Fridays close of 7,757.64 on the S&amp;P 500 set a record, up 3.6% over five sessions. The Nasdaq Composite gaine… [+19260 chars]"
"{'id': 'fortune', 'name': 'Fortune'}",Adam Schickling,"Vanguard Chief Economist: AI and jobs, still in an ATM phase",We remain closer to the ATM phase than the mobile banking phase.,https://fortune.com/2026/08/08/vanguard-chief-economist-ai-and-jobs-atm-phase/,"https://fortune.com/img-assets/wp-content/uploads/2026/08/adam_schickling_social_new.avif?resize=1200,600",2026-08-08T09:30:00Z,"Every wave of technological change seems to arrive with a familiar prediction: This time, jobs are going away for good. The effect of automated teller machines (ATMs) on the bank teller profession re… [+4380 chars]"
"{'id': None, 'name': 'WWD'}",Kate Nishimura,"Jobs Are Down, But Stocks and Consumer Sentiment Are Up. What Gives?",The retail sector is reckoning with a host of seeming contradictions and confusing market signals.,http://wwd.com/sourcing-journal/industry-news/jobs-report-university-michigan-consumer-sentiment-stock-market-1239098554/,https://wwd.com/wp-content/uploads/2026/08/stockmarket.jpg?w=1000&h=527&crop=1,2026-08-07T21:39:31Z,"Jobs are down, but consumer sentiment—and the stock market—are up, leaving the retail sector to reckon with a host of seeming contradictions and confusing market signals.
Friday saw the release of J… [+4771 chars]"
"{'id': None, 'name': 'Yahoo Entertainment'}",Snigdha Gairola,Michael Kratsios Says Some Companies Blame AI for Layoffs Because 'It Plays Better in the Press',White House Science and Technology Advisor Michael Kratsios said some companies are blaming artificial intelligence (AI) for layoffs they likely would have c...,https://finance.yahoo.com/technology/ai/articles/michael-kratsios-says-companies-blame-213030325.html,https://s.yimg.com/lo/mysterio/api/966706F02CB574F4ADC9FDA04D8BBAF0222813243066674E5B1D04455F6D78AD/subgraphmysterio/resizefill_w1200_h675;quality_80;format_webp/https:%2F%2Fmedia.zenfs.com%2Fen%2Fbenzinga_79%2F831894bae05b79878219b914a39860e4,2026-08-07T21:30:30Z,"Benzinga and Yahoo Finance LLC may earn commission or revenue on some items through the links below.
White House Science and Technology Advisor Michael Kratsios said some companies are blaming artif… [+6572 chars]"
"{'id': 'business-insider', 'name': 'Business Insider'}",Madison Hoff,One of the job market's biggest engines is stalling,"Inflation could be prompting some Americans to cut back on discretionary spending, leading employers to slow hiring.",https://www.businessinsider.com/leisure-hospitality-job-market-rising-prices-inflation-2026-8#article,https://i.insider.com/6a75f1bd0c0bf4e8be522aaa?width=1200&format=jpeg,2026-08-07T19:30:32Z,"Employment in leisure and hospitality fell by 40,000 in July.The Good Brigade/Getty Images
<ul><li>The US had a decline in jobs last month, including for two major consumer-facing industries.</li><l… [+3413 chars]"
"{'id': 'fortune', 'name': 'Fortune'}",Nick Lichtenberg,Bill Ackman agrees with Jeff Bezos: being a great CEO can do more for the world than philanthropy,"The hedge fund billionaire has been a philanthropist for 20 years and told Fortune that it's ""vastly less efficient at solving problems than capitalism.""",https://fortune.com/2026/08/07/bill-ackman-philanthropy-capitalism-jeff-bezos/,"https://fortune.com/img-assets/wp-content/uploads/2026/07/Bill-Ackman-social-thumbnail-e1784631339512.jpg?resize=1200,600",2026-08-07T19:07:02Z,"Bill Ackman has spent roughly two decades and close to $1 billion on philanthropy. His verdict: capitalism can often make a stronger societal impact.Ive spent a fair amount of time on philanthropy, a… [+5716 chars]"
"{'id': 'the-times-of-india', 'name': 'The Times of India'}",Reuters,"Market cuts odds of Fed hike after jobs data, but economists still see case for tightening","The weak job report for July has tempered expectations surrounding a Federal Reserve rate increase. Consequently, futures markets now indicate a diminished probability of a rise in interest rates next month. Despite calls from several Fed officials for tighte…",https://economictimes.indiatimes.com/markets/us-stocks/news/market-cuts-odds-of-fed-hike-after-jobs-data-but-economists-still-see-case-for-tightening/articleshow/133040583.cms,"https://img.etimg.com/thumb/msid-133040693,width-1200,height-630,imgsize-73146,overlay-etmarkets/articleshow.jpg",2026-08-07T18:20:08Z,"Weak July job market data on Friday drove financial markets to downgrade what had been strong expectations that the U.S. central bank will raise rates next month, after a week in which several Fed of… [+4799 chars]"
"{'id': 'financial-post', 'name': 'Financial Post'}",Jane Switzer,Blockbuster jobs growth unlikely to push Bank of Canada off sidelines,Canada's job growth beat expectations in July and the unemployment rate hit a two-year low. Read what the economists say,https://financialpost.com/news/economy/jobs-growth-unlikely-to-push-bank-of-canada-off-sidelines,https://smartcdn.gprod.postmedia.digital/financialpost/wp-content/uploads/2026/08/jobs-new-0807-ph.jpg,2026-08-07T18:09:17Z,"Canadas unemployment rate fell to a two-year low of 6.4 per cent in July as the economy added 75,000 jobs across a wide range of industries, Statistics Canada said Friday.
THIS CONTENT IS RESERVED F… [+5108 chars]"
"{'id': 'the-times-of-india', 'name': 'The Times of India'}","Pankhuri Agrawal, Hari Bapuji",India Inc's silence on CJP protests raises uncomfortable questions,India's largest companies face criticism for their silence during recent youth protests.  These businesses have contributed to precarious employment conditions for young graduates.  Many young Indians feel despair and anger over livelihood issues and exam lea…,https://economictimes.indiatimes.com/opinion/et-commentary/india-incs-silence-on-cjp-protests-raises-uncomfortable-questions/articleshow/133039696.cms,"https://img.etimg.com/thumb/width-1200,height-900,imgsize-63562,resizemode-75,msid-133039696/opinion/et-commentary/india-incs-silence-on-cjp-protests-raises-uncomfortable-questions.jpg",2026-08-07T17:47:35Z,"London/Melbourne: Founders and CEOs of India's largest companies have routinely expressed concern about the country's widening skills gap, declining productivity, and the challenge of preparing young… [+3283 chars]"
"{'id': None, 'name': 'Vanguard'}",efosataiwo@vanguardngr.com,"US economy loses 23,000 jobs in July, raises concerns for job seekers","The United States labour market suffered an unexpected setback in July, with the economy losing 23,000 jobs amid signs that employers are becoming increasingly cautious about hiring.
The post US economy loses 23,000 jobs in July, raises concerns for job seeke…",https://www.vanguardngr.com/2026/08/us-economy-loses-23000-jobs-in-july-raises-concerns-for-job-seekers/,https://cdn.vanguardngr.com/wp-content/uploads/2026/07/United-States.jpeg,2026-08-07T15:36:35Z,"The United States labour market suffered an unexpected setback in July, with the economy losing 23,000 jobs amid signs that employers are becoming increasingly cautious about hiring.
The latest figu… [+2343 chars]"
"{'id': None, 'name': 'PRNewswire'}",,"Technology sector adds jobs as employer demand for tech talent remains strong, CompTIA finds","More than 600,000 active job postings underscore continued opportunities for technology workers nationwide DOWNERS GROVE, Ill., Aug. 7, 2026 /PRNewswire/ -- Organizations continued investing in technology talent in July, maintaining strong demand for tech wor…",https://www.prnewswire.com/news-releases/technology-sector-adds-jobs-as-employer-demand-for-tech-talent-remains-strong-comptia-finds-302846164.html,https://mmx.prnewswire.com/media/MS1821885/CompTIA-Logo.jpg?id=OA2835421&p=facebook,2026-08-07T15:04:00Z,"More than 600,000 active job postings underscore continued opportunities for technology workers nationwide
DOWNERS GROVE, Ill., Aug. 7, 2026 /PRNewswire/ -- Organizations continued investing in tech… [+3652 chars]"
"{'id': None, 'name': 'Crypto Briefing'}",Editorial Team,Federal Reserve’s Barkin highlights strong corporate earnings while watching for labor market ripple effects,"Strong corporate earnings may not translate to job growth, posing a challenge for Fed policy balancing inflation control with economic expansion.
The post Federal Reserve’s Barkin highlights strong corporate earnings while watching for labor market ripple eff…",https://cryptobriefing.com/fed-barkin-corporate-earnings-labor-market/,https://static.cryptobriefing.com/wp-content/uploads/2026/08/07101906/federal-reserve-building-in-washington-dc-on-constitution-av-14-800x420.jpeg,2026-08-07T14:19:11Z,"The Richmond Fed president says company profits are holding up well, but he's keeping a close eye on whether that strength translates into hiring Richmond Fed President Thomas Barkin is pointing to c… [+2757 chars]"
"{'id': None, 'name': 'Crypto Briefing'}",Estefano Gomez,"Fed’s Barkin: US job market in weak balance, impacting rate hike expectations","The weak job market balance may delay Fed rate hikes, impacting economic growth and inflation control strategies.
The post Fed’s Barkin: US job market in weak balance, impacting rate hike expectations appeared first on Crypto Briefing.",https://cryptobriefing.com/feds-barkin-us-job-market-in-weak-balance-impacting-rate-hike-expectations/,https://static.cryptobriefing.com/wp-content/uploads/2026/08/07101350/federal-reserve-building-in-washington-dc-on-constitution-av-13-1-800x420.jpeg,2026-08-07T14:13:52Z,"Federal Reserve Governor Tom Barkin expressed concerns regarding the current state of the U.S. job market, describing it as being in a “weak balance.” Barkin highlighted that recent job data reflects… [+2227 chars]"
"{'id': None, 'name': 'Daily Signal'}",Matt Hadro,US Nonfarm Payrolls Unexpectedly Decline in July; Unemployment Rate Eases to 4.1%,"The U.S. economy unexpectedly shed jobs in July and nonfarm payrolls for the prior two months were revised sharply lower, raising questions about whether the Federal Reserve will increase interest rates next month. While the Labor Department’s closely watched…",https://www.dailysignal.com/2026/08/07/us-jobs-unemployment-rate-eases/,https://static.dailysignalmedia.org/2026-08-07T125121Z_2_LYNXMPEM7610N_RTROPTP_4_USA-ECONOMY-RECOVERY-UNEMPLOYMENT-1024x683.jpg,2026-08-07T14:13:03Z,"The U.S. economy unexpectedly shed jobs in July and nonfarm payrolls for the prior two months were revised sharply lower, raising questions about whether the Federal Reserve will increase interest ra… [+3062 chars]"
"{'id': 'fortune', 'name': 'Fortune'}",Nick Lichtenberg,Top economists on ‘unexpected turbulence’ in the U.S. jobs market — the plane is coming in low and hitting a rough patch,"Gen Z unemployment — workers 20 to 24 without prior experience — is a barely improved 242,000. It's the highest unemployment for recent grads since 2016.",https://fortune.com/2026/08/07/july-jobs-report-gen-z-unexpected-turbulence/,"https://fortune.com/img-assets/wp-content/uploads/2026/08/GettyImages-2288203975-e1786110928828.jpg?resize=1200,600",2026-08-07T14:12:08Z,"Nonfarm payrolls fell by 23,000 in July, the Bureau of Labor Statistics reported Friday, badly missing consensus estimates that had called for a gain of roughly 80,000 to 90,000 jobs. Its the second … [+4803 chars]"
"{'id': None, 'name': 'Ibtimes.com.au'}",Mike Clair,Dow Jones Climbs Early After Soft Jobs Data Fuels Hopes of Fed Policy Flexibility,The Dow Jones rose slightly as July's unexpected job losses prompted speculation on the Federal Reserve's interest rate strategy. Investors are closely watching economic indicators and geopolitical developments.,https://www.ibtimes.com.au/dow-jones-rises-amid-unexpected-job-losses-fed-policy-1873703,https://d.ibtimes.com.au/en/full/1893186/ftse-100-surges-08-today-oil-eases-markets.jpg,2026-08-07T13:46:41Z,NEW YORK — The Dow Jones Industrial Average rose modestly in early trading on Friday as investors digested a weaker-than-expected July employment report that showed the U.S. economy unexpectedly shed… [+5455 chars]
"{'id': None, 'name': 'Medianewsgroup.com'}",Associated Press,New jobs report: Unexpected slump amid strain from the Iran war,The 4.1% unemployment rate was the lowest since June 2025 – but it dropped for the wrong reasons.,https://wirehub.medianewsgroup.com/2026/08/06/us-employers-unexpectedly-cut-23000-jobs-amid-strain-from-the-iran-war-unemployment-dips-to-4-1/,https://www.mercurynews.com/wp-content/uploads/2026/08/US_Economy_Jobs_Report_48131-1.jpg?w=4548&h=3032,2026-08-07T13:42:26Z,"By PAUL WISEMAN, Associated Press
WASHINGTON (AP) U.S. employers unexpectedly cut 23,000 jobs last month, and Labor Department revisions shaved 103,000 jobs off payrolls in May and June. But the une… [+4565 chars]"
"{'id': 'fortune', 'name': 'Fortune'}","Paul Wiseman, The Associated Press","The economy has been weaker than we thought as jobs report reveals 23,000 deficit in July","Labor Department revisions also shaved 103,000 jobs off payrolls in May and June. The unemployment rate dipped to 4.1% as Americans left the job market.",https://fortune.com/2026/08/07/us-jobs-report-july-23000-cut-revisions/,"https://fortune.com/img-assets/wp-content/uploads/2026/08/GettyImages-2289244546-e1786109221355.jpg?resize=1200,600",2026-08-07T13:27:34Z,"U.S. employers unexpectedly cut 23,000 jobs last month, and Labor Department revisions shaved 103,000 jobs off payrolls in May and June. The unemployment rate dipped to 4.1% only because Americans le… [+4971 chars]"
"{'id': None, 'name': 'Ibtimes.com.au'}",Mike Clair,"US Economy Unexpectedly Sheds 23,000 Jobs in July as Unemployment Rate Dips to 4.1%, Fed Bets Shift","The US economy unexpectedly lost 23,000 jobs in July, altering market expectations for Federal Reserve interest rate decisions, despite a slight drop in the unemployment rate to 4.1%.",https://www.ibtimes.com.au/us-economy-july-job-losses-impact-fed-decisions-1873695,https://d.ibtimes.com.au/en/full/1670421/coronavirus-pandemic-has-left-millions-americans-without-jobs-dependent-unemployment-benefits.jpg,2026-08-07T13:27:03Z,"WASHINGTON — The U.S. economy unexpectedly shed jobs in July, the Bureau of Labor Statistics reported Friday, delivering a surprise decline that immediately shifted market expectations for the Federa… [+6128 chars]"
"{'id': None, 'name': 'HuffPost'}",HuffPost,"U.S. Employers Unexpectedly Cut 23,000 Jobs Amid Strain From The Iran War",The June jobs numbers from the Labor Department Friday marked a sharp reversal for the American labor market.,https://www.huffpost.com/entry/united-states-employers-unexpectedly-cut-23000-jobs-strain-iran-war_n_6a75d608e4b0a79b03a7f6b0,https://img.huffingtonpost.com/asset/6a75d7d21600007c342fc34a.jpeg?cache=x1b1xPhtOe&ops=1200_630,2026-08-07T13:06:22Z,"WASHINGTON (AP) U.S. employers unexpectedly cut 23,000 jobs last month, and Labor Department revisions shaved 103,000 jobs off payrolls in May and June. But the unemployment rate dipped to 4.1% as Am… [+6114 chars]"
"{'id': None, 'name': 'Crypto Briefing'}",Editorial Team,"Canadian economy adds 75,100 jobs as unemployment hits two-year low","The job surge may boost consumer confidence and spending, potentially stimulating economic growth and influencing monetary policy decisions.
The post Canadian economy adds 75,100 jobs as unemployment hits two-year low appeared first on Crypto Briefing.",https://cryptobriefing.com/canada-jobs-unemployment-two-year-low/,https://static.cryptobriefing.com/wp-content/uploads/2026/08/07090518/a-grey-haired-man-in-a-hard-hat-looks-out-over-a-factory-flo-800x420.jpeg,2026-08-07T13:05:24Z,"July's hiring surge marks a sharp rebound from June's sluggish numbers, pushing Canada's jobless rate down to 6.5% Canada’s labor market just put together its strongest month in a while. The economy … [+1395 chars]"
"{'id': None, 'name': 'Crypto Briefing'}",Editorial Team,"US economy unexpectedly lost 23,000 jobs in July as hiring stalled","The unexpected job market decline in July 2026 signals economic softening, complicating the Fed's inflation control efforts and impacting sectors reliant on consumer and government spending.
The post US economy unexpectedly lost 23,000 jobs in July as hiring …",https://cryptobriefing.com/july-nonfarm-payrolls-decline-miss-expectations/,https://static.cryptobriefing.com/wp-content/uploads/2026/08/07083658/u-s-bureau-of-labor-statistics-building-3-800x420.jpeg,2026-08-07T12:37:03Z,"Health care added 22,000 jobs, but hiring slowed from its recent pace, while financial activities lost another 14,000. US employers cut 23,000 jobs in July, sharply missing expectations for an 80,000… [+847 chars]"
"{'id': 'breitbart-news', 'name': 'Breitbart News'}",John Carney,"The Economy Unexpectedly Shed 23,000 Jobs in July—Yet Unemployment Fell to 4.1","Payrolls across the American economy contracted by 23,000 jobs in July and the unemployment rate ticked down to 4.1 percent. The public sector's payrolls fell sharply, and the services sector hiring was soft, with a large contraction in retail and leisure. Th…",https://www.breitbart.com/economy/2026/08/07/america-shed-23000-jobs-in-july-yet-unemployment-fell-to-4-1/,https://media.breitbart.com/media/2026/08/GettyImages-2287553166-e1786106033267-638x335.jpg,2026-08-07T12:34:55Z,"The U.S. economy shed jobs in July even while the unemployment rate fell.
Payrolls across the American economy contracted by 23,000 jobs in July and the unemployment rate ticked down to 4.1 percent.… [+3719 chars]"
"{'id': None, 'name': 'Crypto Briefing'}",Editorial Team,US jobs report for July 2026 reveals employment trends,"A modest job growth in July 2026 may ease immediate recession fears but highlights ongoing challenges in achieving robust economic recovery.
The post US jobs report for July 2026 reveals employment trends appeared first on Crypto Briefing.",https://cryptobriefing.com/us-jobs-report-july-2026-employment-trends/,https://static.cryptobriefing.com/wp-content/uploads/2026/08/07074818/united-states-department-of-labor-building-headquarters-2-800x420.jpeg,2026-08-07T11:48:22Z,"Nonfarm payrolls are expected to clock in between 80,000 and 100,000 for July, with the unemployment rate holding steady at 4.2% The US labor market has been telling a consistent story in 2026: slow,… [+2243 chars]"
"{'id': None, 'name': 'CryptoSlate'}",Liam 'Akiba' Wright,"Bitcoin holds $64,000 as private hiring drops 53% before today’s macro test that could break support","ADP private-job growth fell to 44,000 from 95,000, but wages and yields resist a simple relief trade.
The post Bitcoin holds $64,000 as private hiring drops 53% before today’s macro test that could break support appeared first on CryptoSlate.",https://cryptoslate.com/bitcoin-holds-64000-as-private-hiring-drops-53-before-todays-macro-test-that-could-break-support/,https://cryptoslate.com/wp-content/uploads/2026/08/bitcoin-support-jobs-test.jpg.jpg,2026-08-07T09:45:01Z,"Bitcoin at $64,000 faced a key test early Friday as the official U.S. jobs report approached, after a sharp slowdown in private hiring left the market balancing possible interest rate relief against … [+2781 chars]"
"{'id': 'nbc-news', 'name': 'NBC News'}",Steve Kopack,Jobs report is expected to show a pickup in hiring — but with stagnant wages,July’s heat may not have extended to the U.S. job market.,https://www.nbcnews.com/business/economy/july-2026-jobs-report-rcna591138,"https://media-cldnry.s-nbcnews.com/image/upload/t_nbcnews-fp-1200-630,f_auto,q_auto:best/rockcms/2026-08/260806-job-fair-ch-0949-3e7dc6.jpg",2026-08-07T09:30:00Z,"Julys heat may not have extended to the U.S. job market.
The Bureau of Labor Statistics is scheduled to release its nonfarm payroll report for last month at 8:30 a.m. ET. Its projected to show a mod… [+4552 chars]"
"{'id': 'cnn', 'name': 'CNN'}",Alicia Wallace,"The US economy unexpectedly lost 23,000 jobs last month | CNN Business","A summer hiring slump dogged the US labor market in July as the economy unexpectedly lost 23,000 jobs, according to new data released Friday by the Bureau of Labor Statistics.",https://www.cnn.com/2026/08/07/economy/us-jobs-report-july,"https://media.cnn.com/api/v1/images/stellar/prod/gettyimages-2284068667.jpg?c=16x9&q=w_800,c_fill",2026-08-07T09:00:29Z,"A summer hiring slump dogged the US labor market in July as the economy unexpectedly lost 23,000 jobs, according to new data released Friday by the Bureau of Labor Statistics.
The unemployment rate … [+2355 chars]"
"{'id': 'associated-press', 'name': 'Associated Press'}",Paul Wiseman,US job market sends mixed signals as layoffs stay low and hiring stays muted,"U.S. employers unexpectedly cut 23,000 jobs last month, and Labor Department revisions shaved 103,000 jobs off payrolls in May and June. The unemployment rate dipped to 4.1% only because Americans left the job market. The June jobs numbers from the Labor Depa…",https://apnews.com/article/economy-jobs-trump-unemployment-rate-jobseekers-9c2d147c14bc428458be5a1e83e54957,https://dims.apnews.com/dims4/default/d7dce16/2147483647/strip/true/crop/4548x3030+0+1/resize/980x653!/quality/90/?url=https%3A%2F%2Fassets.apnews.com%2F38%2F66%2Fa3dcfbc08e542281de8848521a24%2F8b8a158ab54640ad85927db7605b7458,2026-08-07T05:01:23Z,"WASHINGTON (AP) U.S. employers unexpectedly cut 23,000 jobs last month, and Labor Department revisions shaved 103,000 jobs off payrolls in May and June. The unemployment rate dipped to 4.1% only beca… [+5103 chars]"
"{'id': None, 'name': 'The Punch'}",Punch Newspapers,The distance between degree and job,"Explore the growing gap between university degrees and job market demands in Nigeria. Discover how institutions are adapting to improve graduate employabil

Read More: https://punchng.com/the-distance-between-degree-and-job/",https://punchng.com/the-distance-between-degree-and-job/,https://punchng.com/wp-content/uploads/2026/08/jobs_1786059997-1200x630.webp,2026-08-06T23:51:36Z,"The job advertisement that Amara O. answered last spring asked for a data analyst. She had a second-class upper degree in statistics from a respected Nigerian university, four years of coursework in … [+6635 chars]"
"{'id': None, 'name': 'New York Post'}",Alex Oliveira,Women hold more jobs than men for third time in US history — and the surprising shift could be here to stay,"The fairer sex held 79.64 million jobs as of June 2026, compared to the 79.34 million jobs held by men at the time.",https://nypost.com/2026/08/06/us-news/women-hold-more-jobs-than-men-for-third-time-in-us-history/,https://nypost.com/wp-content/uploads/sites/2/2026/08/crop-40226975.jpg?quality=75&strip=all&w=1200,2026-08-06T22:34:20Z,"Who runs the world? 
Women currently hold more jobs than men in the US for the third time in history — and experts say the disparity could be here to stay as seismic employment shifts take hold in A… [+3993 chars]"
"{'id': None, 'name': 'Activistpost.com'}",Editor,"Job Loss Is the Most Likely SHTF Event You’ll Ever Face, Most Americans Can’t Survive Three Weeks of It","Nineteen years in. Employee of the quarter twice. “Our most valuable asset,” they said it at the all-hands on Wednesday and everybody clapped. Thursday he’s walking to his truck at 9:15 in the morning with a cardboard box, and his badge stopped working while …",https://www.activistpost.com/job-loss-is-the-most-likely-shtf-event-youll-ever-face-most-americans-cant-survive-three-weeks-of-it/,https://www.activistpost.com/wp-content/uploads/2026/08/losthisjob.jpg,2026-08-06T22:00:00Z,"Nineteen years in. Employee of the quarter twice. Our most valuable asset, they said it at the all-hands on Wednesday and everybody clapped.
Thursday hes walking to his truck at 9:15 in the morning … [+14773 chars]"
"{'id': None, 'name': 'New York Post'}",Taylor Herzlich,July layoffs hit lowest level in two years despite AI fears: report,"US-based employers announced 33,429 job cuts in July – down 27% from the previous month and 46% lower than the same month last year, Challenger, Gray and Christmas said in a new report.",https://nypost.com/2026/08/06/business/july-layoffs-hit-lowest-level-in-2-years-despite-ai-fears-report/,https://nypost.com/wp-content/uploads/sites/2/2026/08/136669570.jpg?quality=75&strip=all&w=1200,2026-08-06T20:05:44Z,"Layoffs in July hit their lowest level in two years a sign of a resilient labor market despite big economic shocks from the war in Iran and the rapid rise of artificial intelligence, according to a r… [+3940 chars]"
"{'id': None, 'name': 'CNBC'}",Jeff Cox,The July jobs numbers are due out Friday. Here's what to expect,"Nonfarm payrolls are expected to post a gain of just 83,000 with an unchanged unemployment rate at 4.2%.",https://www.cnbc.com/2026/08/06/the-july-jobs-numbers-are-due-out-friday-heres-what-to-expect.html,https://image.cnbcfm.com/api/v1/image/108342395-1785415946548-gettyimages-2287553544-AFP_C3J43BD.jpeg?v=1785416029&w=1920&h=1080,2026-08-06T19:03:14Z,"Job growth isn't expected to show much improvement in July, with payrolls and the unemployment rate likely holding relatively steady and economists looking through the headline numbers for further cl… [+3917 chars]"
"{'id': None, 'name': 'Newyorkfed.org'}",,AI’s Impact on Labor and Hiring,"Welcome to Street Level, my new series on Liberty Street Economics. As research director, I try to keep track of the wide range of work that the economists at the New York Fed produce. My goal for this series is to periodically offer some thematic discussion …",https://libertystreeteconomics.newyorkfed.org/2026/08/ais-impact-on-labor-and-hiring/,https://libertystreeteconomics.newyorkfed.org/wp-content/uploads/sites/2/2026/07/LSE_Street-Level-AI_athreya_460_9fcad2.jpg,2026-08-06T16:18:29Z,"Kartik B. Athreya








Welcome to Street Level, my new series on Liberty Street Economics. As research director, I try to keep track of the wide range of work that the economists at the New York F… [+11531 chars]"
"{'id': None, 'name': 'PRNewswire'}",,Revelio Public Labor Statistics Reports US Economy Adds 79k Jobs in July,"NEW YORK, Aug. 6, 2026 /PRNewswire/ -- Revelio Labs today released its July edition of Revelio Public Labor Statistics (RPLS), a monthly data release delivering transparent and reliable insights into the U.S. labor market. The latest data indicates a gain of …",https://www.prnewswire.com/news-releases/revelio-public-labor-statistics-reports-us-economy-adds-79k-jobs-in-july-302845019.html,https://mmx.prnewswire.com/media/MS1701954/rl-logo-Logo-Logo.jpg?id=OA2833037&p=facebook,2026-08-06T13:10:00Z,"NEW YORK, Aug. 6, 2026 /PRNewswire/ -- Revelio Labs today released its July edition of Revelio Public Labor Statistics (RPLS), a monthly data release delivering transparent and reliable insights into… [+5857 chars]"
"{'id': None, 'name': 'Crypto Briefing'}",Estefano Gomez,July jobs report expected to show moderate US payroll increase,"The moderate job growth may lead to a cautious Federal Reserve, potentially delaying interest rate hikes and impacting economic policy.
The post July jobs report expected to show moderate US payroll increase appeared first on Crypto Briefing.",https://cryptobriefing.com/july-jobs-report-expected-to-show-moderate-us-payroll-increase/,https://static.cryptobriefing.com/wp-content/uploads/2026/08/06070422/u-s-bureau-of-labor-statistics-building-1-800x420.jpeg,2026-08-06T11:04:24Z,"The July 2026 Employment Situation report from the Bureau of Labor Statistics is anticipated to show a moderate increase in U.S. payrolls, with forecasts suggesting an addition of 85,000 to 100,000 j… [+1886 chars]"
"{'id': None, 'name': 'Yahoo Entertainment'}",Emma Ockerman,July layoffs plunged to lowest monthly level in two years: Challenger,"US employers announced 33,429 job cuts last month, down from June's total of around 46,000 to reach the lowest monthly amount in two years, Challenger said i...",https://finance.yahoo.com/economy/policy/article/july-layoffs-plunged-to-lowest-monthly-level-in-two-years-challenger-093000310.html,https://s.yimg.com/lo/mysterio/api/7DF0722F972779586213DC7A60A0418BA0B3B1B05B8C0437BD44BC727EFAEACD/subgraphmysterio/resizefill_w1200_h800;quality_80;format_webp/https:%2F%2Fd29szjachogqwa.cloudfront.net%2Fimages%2F2026-07%2F3a46d5e6-3336-4bb1-85ea-6e692d2c7398,2026-08-06T09:30:00Z,"Layoff announcements continued to decline in July, while hiring plans soared to the highest level for the month since 2022, the global outplacement firm Challenger, Gray &amp; Christmas said Thursday… [+2804 chars]"
"{'id': None, 'name': 'CryptoSlate'}",Gino Matos,"Bitcoin price breaking out toward $69,000 now opens a turbo path toward $84,000","A Bitcoin breakout attempt briefly pushed price above $65,000 on Aug. 5, but failed to sustain the move, even as Fed funds futures put the odds of a September rate hike at 57.4% as of Aug. 5, down from 80.5% a week earlier. Brent crude fell more than 5% on Au…",https://cryptoslate.com/bitcoin-price-breaking-out-toward-69000-now-opens-a-turbo-path-toward-84000/,https://cryptoslate.com/wp-content/uploads/2026/08/bitcoin-69000-breakout-turbo-path-84000.jpg,2026-08-06T09:05:24Z,"A Bitcoin breakout attempt briefly pushed price above $65,000 on Aug. 5, but failed to sustain the move, even as Fed funds futures put the odds of a September rate hike at 57.4% as of Aug. 5, down fr… [+9663 chars]"
"{'id': None, 'name': 'Federalreserve.gov'}",,"Cook, Outlook for the U.S. and Alaskan Economies","Thank you, Jon, for that kind introduction. It is an honor to be here in Alaska. I appreciate the invitation from the Anchorage Economic Development Corporatio",https://www.federalreserve.gov/newsevents/speech/cook20260805a.htm,https://www.federalreserve.gov/images/social-media/social-default-image-opengraph.jpg,2026-08-05T20:05:00Z,"Thank you, Jon, for that kind introduction. It is an honor to be here in Alaska. I appreciate the invitation from the Anchorage Economic Development Corporation to meet with you all today.1 As many o… [+14602 chars]"
"{'id': 'financial-post', 'name': 'Financial Post'}",Canadian Cybersecurity Network,OPINION: Canada’s cybersecurity hiring market is recovering. Its talent pipeline is not,"Cybersecurity hiring has reached a seven-quarter high, but employers are creating remarkably few entry points for the people they will need to become tomorrow’s experienced professionals",https://financialpost.com/technology/tech-news/opinion-canadas-cybersecurity-hiring-market-is-recovering-its-talent-pipeline-is-not,https://smartcdn.gprod.postmedia.digital/financialpost/wp-content/uploads/2026/08/AdobeStock_2114973971.jpg,2026-08-05T17:45:19Z,"As cyber threats to critical infrastructure, supply chains and digital services continue to grow, demand will increasingly extend beyond specialized technical roles to professionals who can integrate… [+3926 chars]"
"{'id': None, 'name': 'Livemint'}",Kanishka Singharia,Why Persistent Systems is skipping campus hiring for FY27?,"Persistent Systems' decision comes as companies increasingly reassess campus recruitment plans, with AI changing workforce requirements and prompting employers to favour experienced professionals who already possess foundational AI skills.",https://www.livemint.com/companies/news/why-persistent-systems-is-skipping-campus-hiring-for-fy27-sandeep-kalra-says-11785942268008.html,https://www.livemint.com/lm-img/img/2026/08/05/1600x900/logo/Sandeep_Kalra_1734351592214_1785943391702_f1a2eba7-16c1-4c0b-a61b-cc477d7f12c7.jpg,2026-08-05T15:56:12Z,"Persistent Systems has decided to skip campus recruitment for FY27 and prioritise lateral hiring to better align its workforce with evolving client demand, particularly in artificial intelligence (AI… [+3413 chars]"
"{'id': None, 'name': 'The New Humanitarian'}","Obi Anyadike, Oscar Nkala",South Africa feels the economic cost of anti-migrant xenophobia,"The anti-migrant campaign may be setting the terms of South Africa’s political debate, but it’s unlikely to create the much-needed jobs.",https://www.thenewhumanitarian.org/analysis/2026/08/05/south-africa-feels-economic-cost-anti-migrant-xenophobia,https://assets.thenewhumanitarian.org/s3fs-public/styles/social_large/public/2026-08/header-southafrica-00.jpg?itok=g-bJRDix,2026-08-05T13:59:54Z,"South Africas Afrophobic anti-migrant protest movement has vowed to keep marching until every undocumented migrant has left the country, despite the campaigns impact on the economy and the countrys s… [+13357 chars]"
"{'id': None, 'name': 'Crypto Briefing'}",Editorial Team,"ADP July jobs report misses badly, adding just 44,000 private payrolls","The weak job growth may pressure the Fed to reconsider rate hikes, potentially impacting inflation and benefiting the crypto market.
The post ADP July jobs report misses badly, adding just 44,000 private payrolls appeared first on Crypto Briefing.",https://cryptobriefing.com/adp-july-jobs-report-misses-44000-payrolls/,https://static.cryptobriefing.com/wp-content/uploads/2026/08/05082630/adp-logo-png-image-800x420.png,2026-08-05T12:26:36Z,The weakest monthly gain in six months signals a cooling labor market that could push the Fed toward rate cuts sooner than expected The US labor market just sent a pretty uncomfortable signal. ADP’s … [+1649 chars]
"{'id': None, 'name': 'CNBC'}",Jeff Cox,"Private companies added just 44,000 workers in July, below expectations, ADP reports","Hiring at private companies slowed considerably in July, with most of the job growth coming health care.",https://www.cnbc.com/2026/08/05/private-companies-added-just-44000-workers-in-july-below-expectations-adp-reports.html,https://image.cnbcfm.com/api/v1/image/108342393-1785415949202-gettyimages-2287553458-AFP_C3J43AP.jpeg?v=1785416029&w=1920&h=1080,2026-08-05T12:15:19Z,"Hiring at private companies slowed considerably in July, with most of the job growth coming health care, payrolls processing firm ADP reported Wednesday.
Nonfarm job growth excluding government tota… [+2026 chars]"
"{'id': None, 'name': 'PRNewswire'}",,"ADP National Employment Report: Private Sector Employment Increased by 44,000 Jobs in July; Annual Pay was Up 4.4%","ROSELAND, N.J., Aug. 5, 2026 /PRNewswire/ -- Private sector employment increased by 44,000 jobs in July and pay was up 4.4 percent year-over-year according to the July ADP National Employment Report® produced by ADP Research in collaboration with the Stanford…",https://www.prnewswire.com/news-releases/adp-national-employment-report-private-sector-employment-increased-by-44-000-jobs-in-july-annual-pay-was-up-4-4-302843676.html,https://mmx.prnewswire.com/media/MS505693/ADP-Logo.jpg?id=OA2826025&p=facebook,2026-08-05T12:15:00Z,"ROSELAND, N.J., Aug. 5, 2026 /PRNewswire/ -- Private sector employment increased by 44,000 jobs in July and pay was up 4.4 percent year-over-year according to the July ADP National Employment Report®… [+5711 chars]"
"{'id': None, 'name': 'BusinessLine'}","Team BL, KS Badri Narayanan","Sensex today | Stock Market Highlights: Sensex rises 152 points, Nifty ends above 24,620 after RBI keeps repo rate unchanged","Sensex Today, Nifty 50 | Stock Market Highlights, 5 August:  Indian benchmark indices ended higher after the RBI retained the repo rate and improved its FY27 growth outlook while lowering inflation projections. Gains in auto, realty and metal stocks offset co…",https://www.thehindubusinessline.com/markets/sensex-nifty50-today-stock-market-highlights-5th-august-2026/article71306480.ece,https://bl-i.thgim.com/public/incoming/sqlwnd/article71306495.ece/alternates/LANDSCAPE_1200/stock%20market%20graph.jpg,2026-08-05T10:56:26Z,"<li></li>
August 5, 2026 16:26The live blog is now closed.
<li></li>
August 5, 2026 15:56Godrej Agrovet Q1 standalone PAT rises to 183.6 crore; consolidated PAT dips to 128.3 crore
Godrej Agrovet… [+169934 chars]"
"{'id': 'the-times-of-india', 'name': 'The Times of India'}",PTI,EV industry to generate up to 40 mn jobs by 2030: Report,"India's electric vehicle (EV) sector is expected to generate30-40 million jobs by 2030, with hiring likely to grow15-20% annually, according to an Adecco India report. The study says the industry is moving beyond vehicle manufacturing into a broader ecosystem…",https://economictimes.indiatimes.com/jobs/hr-policies-trends/ev-industry-to-generate-up-to-40-mn-jobs-by-2030-report/articleshow/132915474.cms,"https://img.etimg.com/thumb/msid-132916729,width-1200,height-630,imgsize-78496,overlay-etcareers/articleshow.jpg",2026-08-05T10:34:45Z,"Mumbai, The electric vehicle (EV) sector is expected to create 30-40 million jobs by 2030, with hiring projected to grow 15-20 per cent annually, driven by rising demand for specialised talent in eng… [+3756 chars]"
"{'id': None, 'name': 'Rigzone'}",Andreas Exarheas,"EIR Still Sees Oil at $100 in H2, 2027","'EIR finds that global oil markets remain structurally tight despite recent price volatility', the company said.",https://www.rigzone.com/news/eir_still_sees_oil_at_100_in_h2_2027-05-aug-2026-184298-article/,https://images.rigzone.com/images/news/articles/EIR-Still-Sees-Oil-at-100-in-H2-2027-184298-1200x628.png,2026-08-05T10:00:33Z,"In a statement sent to Rigzone on Tuesday, Enverus Intelligence Research (EIR), a subsidiary of Enverus, revealed that it is maintaining its Brent oil price forecast at $100 per barrel across the sec… [+7482 chars]"
"{'id': None, 'name': 'The American Prospect'}",Harold Meyerson,A. Philip Randolph: Socialist on the March,"A. Philip Randolph led Black workers and won defining civil rights victories over a career spanning 60 turbulent years.
The post A. Philip Randolph: Socialist on the March appeared first on The American Prospect.",https://prospect.org/2026/08/05/aug-2026-a-philip-randolph-socialist-on-the-march/,https://i0.wp.com/prospect.org/wp-content/uploads/2026/08/AUG26-Randolph.jpg?fit=2400%2C1800&ssl=1,2026-08-05T09:20:00Z,"This article appears in the August 2026 issue of The American Prospect magazine.If youd like to receive our next issue in your mailbox, please subscribe here.
It wasnt the job opportunities that bro… [+16276 chars]"
"{'id': None, 'name': 'BusinessLine'}",Suresh P Iyengar,‘Consumption story remains resilient despite challenges in specific sectors’,"Aditya Birla Sun Life AMC’s Balasubramanian and Krishnan on oil, currency, consumption, earnings and SIPs",https://www.thehindubusinessline.com/money-and-banking/consumption-story-remains-resilient-despite-challenges-in-specific-sectors/article71305127.ece,https://bl-i.thgim.com/public/news/ymbpai/article71305171.ece/alternates/LANDSCAPE_1200/abslamc.jpeg,2026-08-05T05:32:15Z,The topsy-turvy ride of equity markets has been giving sleepless night to investors. Mutual fund investors have also turned anxious with their SIPs delivering negative in last two-three years. busine… [+6893 chars]
"{'id': 'the-times-of-india', 'name': 'The Times of India'}",Reuters,"Gold ticks up on softer dollar, focus on US jobs data","On Wednesday, gold prices experienced a modest uptick as the dollar lost strength. Investors are keenly anticipating important US jobs data that may provide insights into the Federal Reserve's policy direction. Heightened geopolitical tensions and rising oil …",https://economictimes.indiatimes.com/markets/commodities/news/gold-ticks-up-on-softer-dollar-focus-on-us-jobs-data/articleshow/132884560.cms,"https://img.etimg.com/thumb/msid-132884589,width-1200,height-630,imgsize-116714,overlay-etmarkets/articleshow.jpg",2026-08-05T02:03:41Z,"Gold inched up on Wednesday, aided by a softer dollar, while market participants strapped in for upcoming key U.S. jobs data for cues on the U.S. Federal Reserve's next monetary policy move.FUNDAMENT… [+1840 chars]"
"{'id': None, 'name': 'Clojuriststogether.org'}",Clojurists Together,Call for Proposals. July 2026 Survey,We are awarding up to $29K for Q3 2026 Projects,https://www.clojuriststogether.org/news/call-for-proposals.-july-2026-survey/,https://www.clojuriststogether.org/logos/ct-logo-cropped.png,2026-08-05T00:30:00Z,"Greetings folks!
Clojurists Together is pleased to announce that we are opening our Q3 2026 funding round for Clojure Open Source Projects. Applications will be accepted through the 24th of August 20… [+18021 chars]"
"{'id': None, 'name': 'Cheezburger.com'}","Ally Perry, Ally Perry","Company Demands Job Applicant Create Communications Plan, Protest When He Requests $100/Hour Consulting Fee","What's the deal with companies expecting work from job applicants who don't even work for them yet?
Surely, places that are hiring realize that traversing the job market is difficult without expecting job seekers to bring them a polished, specialized product…",https://cheezburger.com/46326533/company-demands-job-applicant-create-communications-plan-protest-when-he-requests-100hour-consulting,https://i.chzbgr.com/original/46326533/h296426F5/a-professional-man-smiles-as-he-sits-on-a-black-leather-couch-writing-in-a-notebook,2026-08-04T23:45:00Z,"Surely, places that are hiring realize that traversing the job market is difficult without expecting job seekers to bring them a polished, specialized product on top of tweaking their resume and goin… [+903 chars]"
"{'id': None, 'name': 'Khabarhub.com'}",Khabarhub,Degrees without doors: Pakistan’s medical training crisis leaves thousands of doctors stranded,"Every year, lecture halls across Pakistan produce thousands of newly minted doctors—graduates who have endured years of rigorous study, clinical rotations and high-stakes examinations. White coats are worn with pride, degrees are conferred with ceremony, and …",https://english.khabarhub.com/2026/04/561846/,https://english.khabarhub.com/wp-content/uploads/2024/06/Pakistan-flag-jpg.webp,2026-08-04T17:00:52Z,"Every year, lecture halls across Pakistan produce thousands of newly minted doctorsgraduates who have endured years of rigorous study, clinical rotations and high-stakes examinations.
White coats ar… [+9116 chars]"
"{'id': 'axios', 'name': 'Axios'}",Courtenay Brown,The comeback of a rate-sensitive America,Key sectors of the economy that spent years squeezed by high interest rates are gaining momentum.,https://www.axios.com/2026/08/04/manufacturing-construction-labor-rates#utm_source=yahoo_finance&amp;utm_medium=partner&amp;utm_campaign=subs-partner-yahoo-finance-AI,https://s.yimg.com/lo/mysterio/api/4E1B7FDD5FD6FAF9FAD92651D4A9BFCCB3C902BF6757CB4F0F00F9073EDFF193/subgraphmysterio/resizefill_w1200_h675;quality_80;format_webp/https:%2F%2Fmedia.zenfs.com%2Fen%2Faxios_527%2Fb65de42b7e1a4c74a693ef261459a3d3,2026-08-04T15:58:05Z,"Key sectors of the economy that spent years squeezed by high interest rates are gaining momentum.
Why it matters: For years, manufacturing and construction were among the clearest signs that the Fed… [+2550 chars]"
"{'id': None, 'name': 'Crypto Briefing'}",Editorial Team,"US job openings ease in June, signaling steady labor demand and potential Fed flexibility","Cooling labor market may ease Fed rate hikes, potentially boosting riskier assets like crypto as investors seek higher returns.
The post US job openings ease in June, signaling steady labor demand and potential Fed flexibility appeared first on Crypto Briefin…",https://cryptobriefing.com/us-job-openings-june-labor-market-crypto/,https://static.cryptobriefing.com/wp-content/uploads/2026/08/04103451/us-job-openings-ease-in-june-signaling-steady-labor-demand-a-800x420.jpeg,2026-08-04T14:34:54Z,"The latest JOLTS data shows openings dipping to 7.36 million, giving the Fed more room to maneuver on rates and risk assets more room to breathe. The US labor market is cooling, but job openings fell… [+2105 chars]"
"{'id': 'the-times-of-india', 'name': 'The Times of India'}",,"Congress alleges Modi government's flawed policies caused deep job crisis, citing 27% hiring drop","Congress claims flawed economic policies have plunged India's job market into crisis. Major domestic companies are now hiring fewer employees than before, according to a report. Recruitment by eleven top companies within the Sensex-30 index dropped significan…",https://economictimes.indiatimes.com/news/politics-and-nation/congress-alleges-modi-governments-flawed-policies-caused-deep-job-crisis-citing-27-hiring-drop/articleshow/132849183.cms,"https://img.etimg.com/thumb/msid-132849373,width-1200,height-630,imgsize-91702,overlay-economictimes/articleshow.jpg",2026-08-04T06:29:55Z,"The Congress alleged that the Modi government has plunged the entire countrys job market into a ""deep crisis, due to its ""flawed"" economic and employment policies on Tuesday, adding that churning out… [+2675 chars]"
"{'id': None, 'name': 'Columbia.edu'}",renholding,AI at Work Is a Global Governance Stress Test,"Artificial intelligence at work is not merely a productivity story; it is a governance stress test. Unlike earlier waves of automation, which displaced routine, codifiable tasks, contemporary AI reaches into nonroutine, judgment-heavy work—drafting, summarizi…",https://clsbluesky.law.columbia.edu/2026/08/04/ai-at-work-is-a-global-governance-stress-test/,https://s0.wp.com/i/blank.jpg,2026-08-04T04:05:11Z,"Artificial intelligence at work is not merely a productivity story; it is a governance stress test. Unlike earlier waves of automation, which displaced routine, codifiable tasks, contemporary AI reac… [+11419 chars]"
"{'id': None, 'name': 'Activistpost.com'}",Editor,The Conflicts Brewing in America’s Ten Classes,What we do know is that things have internal structures with dynamics that operate whether we “like” them or not. Correspondent Manoj S. recommended an essay from the always-insightful John Michael Greer on the dissolution of unproductive classes behind the s…,https://www.activistpost.com/the-conflicts-brewing-in-americas-ten-classes/,https://www.activistpost.com/wp-content/uploads/2026/08/istockphoto-530118963-612x612-1.jpg,2026-08-03T23:58:00Z,"What we do know is that things have internal structures with dynamics that operate whether we “like” them or not.
Correspondent Manoj S. recommended an essay from the always-insightful John Michael … [+13669 chars]"
"{'id': None, 'name': 'TheJournal.ie'}",Agnes,Tech worker: I spent a decade being loyal to tech in Ireland. Then AI took my job,"After years of loyal service, one woman’s job was automated overnight. She’s discovered that modern recruitment now values keywords over experience.",https://www.thejournal.ie/readme/ai-tech-jobs-7109405-Aug2026/,https://img2.thejournal.ie/article/7109405/river/?height=400&version=7110141,2026-08-03T18:30:40Z,"THE MODERN JOB market is facing a quiet crisis. It is built for algorithms and loud self-promotion. It has moved away from human reality, and no longer values human traits like loyalty, integrity, cr… [+6000 chars]"
"{'id': None, 'name': 'Yahoo Entertainment'}",Brian O’Connell,Y Combinator-backed AI startup LemonLime promised interviews to 7 people who got company tattoos — then apologized,"This tattoo job interview stunt didn’t stick, but the criticism did.",https://finance.yahoo.com/technology/ai/articles/y-combinator-backed-ai-startup-173000568.html,https://s.yimg.com/lo/mysterio/api/59733583FC8FF3A1CFA15515096ED54773DA5CF7619CB07566C7CB2FA84C3494/subgraphmysterio/resizefill_w1200_h675;quality_80;format_webp/https:%2F%2Fmedia.zenfs.com%2Fen%2Fmoneywise_327%2Feea8c886f21228519e44d5b6c87d6b03,2026-08-03T17:30:00Z,"shutterstock.com / Gamjai
A Silicon Valley company crossed a labor line last week after promising job interviews to candidates who agreed to stamp themselves with a permanent company tattoo.
Jordan… [+5017 chars]"
"{'id': None, 'name': 'BusinessLine'}","Team BL, KS Badri Narayanan","Sensex today | Stock Market Highlights: Nifty jumps 391 points to reclaim 24,750; Sensex gains 544 as IT, banks lead rally","Sensex Today, Nifty 50 | Stock Market Highlights: Indian benchmark indices ended sharply higher on Monday, with the BSE Sensex rising 544.39 points (0.70%) to close at 78,639.03, while the Nifty 50 surged 390.70 points (1.60%) to settle at 24,774.30.",https://www.thehindubusinessline.com/markets/sensex-nifty50-today-stock-market-highlights-3rd-august-2026/article71298312.ece,https://bl-i.thgim.com/public/incoming/60jpoq/article71298317.ece/alternates/LANDSCAPE_1200/iStock-1367783784.jpg,2026-08-03T10:58:20Z,"<li></li>
August 3, 2026 16:28The live blog is now closed.
<li></li>
August 3, 2026 16:05Escorts Kubota posts rise in adjusted quarterly profit on stronger demand
Escorts Kubota posts rise in adj… [+80701 chars]"
"{'id': None, 'name': 'Thefederal.com'}",Bharani AU,The fading American Dream: Visa uncertainty drives Indian tech workers back home,"Return migration from the US is rising as visa rules tighten, but India's tech job market is slowing too.",https://thefederal.com/category/news/h1b-visa-indian-tech-workers-return-india-us-jobs-245525,https://thefederal.com/h-upload/2026/06/04/619307-pp.jpg,2026-08-03T10:58:12Z,"The long-held American dream for Indian technology professionals appears to be under strain. 
A growing number of Indian tech workers are returning from the United States even as opportunities at ho… [+5856 chars]"
"{'id': None, 'name': 'Antaranews.com'}","Arnidhya Nur, Raka Adji",Minister champions equal access to jobs for people with disabilities,"Indonesian Manpower Minister Yassierli is championing equal opportunities for persons with disabilities, emphasizing their right to work, develop ...",https://en.antaranews.com/news/425191/minister-champions-equal-access-to-jobs-for-people-with-disabilities,https://cdn.antaranews.com/cache/1200x800/2026/07/21/d0b03f07-d98b-4ba6-b409-5adb6a8c9b4e.jpeg,2026-08-03T05:45:47Z,"Jakarta (ANTARA) - Indonesian Manpower Minister Yassierli is championing equal opportunities for persons with disabilities, emphasizing their right to work, develop competencies, and advance their ca… [+2910 chars]"
"{'id': 'fortune', 'name': 'Fortune'}","Irina Anghel, Bloomberg","AI is creating a two-speed jobs market in the UK, Indeed says","“Demand is concentrating around experienced workers and roles directly connected to AI, rather than flowing evenly through the profession.”",https://fortune.com/2026/08/02/ai-two-speed-job-market-uk-software-manufacturing-experience-entry-level/,"https://fortune.com/img-assets/wp-content/uploads/2026/08/GettyImages-2254188085-e1785703955883.jpg?resize=1200,600",2026-08-02T20:58:23Z,"UK employers are creating jobs for experienced staff with artificial intelligence skills and cutting back elsewhere, according to new figures that show how the technology is starting to create a two-… [+2425 chars]"
"{'id': None, 'name': 'Yahoo Entertainment'}",Jason Ma,"As AI creates more entrepreneurs and a skills mismatch, Gen Z faces the choice of being a specialist or a ‘general-purpose nerd’","""AI is creating a structural skills mismatch as companies aggressively replace generalists with specialized talent.""",https://finance.yahoo.com/small-business/articles/ai-creates-more-entrepreneurs-skills-202749750.html,https://s.yimg.com/lo/mysterio/api/B2F62340B69D86393F904E9A857155028FFC2CEC80ED054E48D8808102D4056F/subgraphmysterio/resizefill_w1200_h800;quality_80;format_webp/https:%2F%2Fmedia.zenfs.com%2Fen%2Ffortune_175%2F5bc3efc01b733ce46197e07012a690b1,2026-08-02T20:27:49Z,"Depending on your point of view, young people today trying to choose an employment path either have immense opportunity or a bleak future.
Entry-level corporate jobs are drying up, whether that's du… [+4180 chars]"
"{'id': 'fortune', 'name': 'Fortune'}",Jason Ma,"As AI creates more entrepreneurs and a skills mismatch, Gen Z faces the choice of being a specialist or a ‘general-purpose nerd’","""AI is creating a structural skills mismatch as companies aggressively replace generalists with specialized talent.""",https://fortune.com/2026/08/02/as-ai-creates-more-entrepreneurs-and-a-skills-mismatch-gen-z-faces-the-choice-of-being-a-specialist-or-a-general-purpose-nerd/,"https://fortune.com/img-assets/wp-content/uploads/2026/08/GettyImages-2169143052-e1785697007455.jpg?resize=1200,600",2026-08-02T20:27:49Z,"Depending on your point of view, young people today trying to choose an employment path either have immense opportunity or a bleak future.Entry-level corporate jobs are drying up, whether thats due t… [+4063 chars]"
"{'id': None, 'name': 'The Punch'}",Punch Newspapers,Canada tightens work permit rules for foreign workers,"Canada has updated its C20 work permit rules, requiring foreign nationals to be currently employed by an overseas company to qualify. Learn how these chang

Read More: https://punchng.com/canada-tightens-work-permit-rules-for-foreign-workers/",https://punchng.com/canada-tightens-work-permit-rules-for-foreign-workers/,https://punchng.com/wp-content/uploads/2026/07/0001283364_resized_canadawavingflag1022_1783455824.webp,2026-08-02T19:37:35Z,"Canada has introduced stricter eligibility requirements for foreign nationals seeking reciprocal employment work permits under the C20 exemption, restricting access for workers who are not already em… [+2838 chars]"
"{'id': None, 'name': 'New Zealand Herald'}",Liam Dann,Jobless on the rise: Unemployment rate expected to land higher this week,Job vacancies have recovered from lows but remain below pre-Covid levels.,https://www.nzherald.co.nz/business/on-the-rise-unemployment-rate-expected-to-land-higher-this-week/premium/72XIAG4Y7BAUHG4TPHO4MLBTHY/,https://www.nzherald.co.nz/resizer/v2/2I5BPB2FPVG2XG56PWHVX5SXFE.jpg?auth=ad56df59f115c1c40791db7da42e20f208cfe00c445555f6c9bc9304943c89cc&width=1200&height=675&quality=70&smart=true,2026-08-02T19:00:00Z,"For the RBNZ, this suggests that the labour market is unlikely to become a renewed source of accelerating CPI inflation pressures any time soon.
The full labour market impact of the Middle East conf… [+2601 chars]"
"{'id': None, 'name': 'Barchart.com'}",Gavin McMaster,"Earnings, PMI and Other Key Things to Watch this Week","Markets enter an earnings-dominated week with a huge concentration of corporate results spanning technology, industrials, healthcare, consumer discretionary,...",https://www.barchart.com/story/news/3602857/earnings-pmi-and-other-key-things-to-watch-this-week,https://s.yimg.com/lo/mysterio/api/DC69E3585292550416F9683DC696ECC3B31920F15AAB14A639FEBF25E7DB423B/subgraphmysterio/resizefill_w1200_h797;quality_80;format_webp/https:%2F%2Fmedia.zenfs.com%2Fen%2Fbarchart_com_477%2Fa3f8b7b175c2147da9ed22b631b9dee3,2026-08-02T17:00:02Z,"Markets enter an earnings-dominated week with a huge concentration of corporate results spanning technology, industrials, healthcare, consumer discretionary, and entertainment sectors.
This will pro… [+8671 chars]"
"{'id': 'the-times-of-india', 'name': 'The Times of India'}",ET Online,"Career warning for Gen Z: How IT industry's AI obsession will create a purchasing power crisis, Zoho's Sridhar Vembu explains","Zoho co-founder and Chief Scientist Sridhar Vembu has warned that the IT industry's growing focus on AI is reducing new hiring, as companies divert budgets towards AI infrastructure and data centres. He argues that while AI can make products cheaper and softw…",https://economictimes.indiatimes.com/magazines/panache/career-warning-for-gen-z-how-it-industrys-ai-obsession-will-create-a-purchasing-power-crisis-zohos-sridhar-vembu-explains/articleshow/132806976.cms,"https://img.etimg.com/thumb/msid-132807555,width-1200,height-630,imgsize-166106,overlay-etpanache/articleshow.jpg",2026-08-02T13:18:24Z,The biggest challenge for India's young workforce may not be learning AI but finding enough jobs in an economy that is rapidly embracing it. That is the concern raised by Zoho co-founder and Chief Sc… [+3564 chars]
"{'id': 'the-times-of-india', 'name': 'The Times of India'}",PTI,"AI, data centre costs are slowing IT hiring, Zoho founder Sridhar Vembu",Zoho Corporation's founder notes IT job growth is slowing significantly.  Funds are now diverted to rising artificial intelligence and data centre expenses.  Enterprise customers are also shifting their spending towards AI technologies.  Manufacturing automat…,https://economictimes.indiatimes.com/news/company/corporate-trends/it-industry-not-creating-new-jobs-funds-diverted-to-ai-data-centre-costs-sridhar-vembu/articleshow/132805978.cms,"https://img.etimg.com/thumb/msid-132805978,width-1200,height-630,imgsize-91752,overlay-economictimes/articleshow.jpg",2026-08-02T11:47:54Z,"New Delhi, Zoho Corporation Founder and Chief Scientist Sridhar Vembu on Sunday said the information technology (IT) industry is not creating many new jobs as funds are being diverted to meet the ris… [+2245 chars]"
"{'id': None, 'name': 'Protothema.gr'}",Αλεξία Αμβράζη,Prime Minister:”There are times when the intensity of such phenomena exceeds all human planning” – Support for wildfire victims will be immediate,"Protecting human life remains our priority, says Kyriakos Mitsotakis in his weekly Sunday post, noting that the battle firefighters are facing exceeds the limits of human endurance
The post Prime Minister:”There are times when the intensity of such phenomena …",https://en.protothema.gr/2026/08/02/prime-ministerthere-are-times-when-the-intensity-of-such-phenomena-exceeds-all-human-planning-support-for-wildfire-victims-will-be-immediate/,https://en.protothema.gr/wp-content/uploads/2026/08/maketa-mitsotakis1-1.jpg-1.jpg,2026-08-02T07:56:57Z,"“There are moments when the force of nature and the intensity of weather conditions exceed all human planning and every operational capability,” Prime Minister Kyriakos Mitsotakis notes in his custom… [+14879 chars]"
"{'id': None, 'name': 'Crypto Briefing'}",Editorial Team,UK employers are hiring AI talent and cutting everyone else,"The growing demand for AI skills is widening economic disparities, reshaping job markets, and intensifying competition for talent.
The post UK employers are hiring AI talent and cutting everyone else appeared first on Crypto Briefing.",https://cryptobriefing.com/uk-employers-ai-jobs-cut-others/,https://static.cryptobriefing.com/wp-content/uploads/2026/08/02002557/a-woman-is-smiling-whilst-being-interviewed-for-a-new-jobs-i-800x420.jpeg,2026-08-02T04:26:03Z,"The wage premium for AI-skilled workers has tripled while entry-level roles face cuts of up to 20%, creating a two-speed labor market that has implications for tech investment and digital asset secto… [+2303 chars]"
"{'id': 'fortune', 'name': 'Fortune'}",Jason Ma,The labor market could become so backward that the economy will have to shed jobs to keep unemployment steady,"""Today, the labor market’s speed limit is much lower than just a few years ago, setting the stage for a jobless expansion.""",https://fortune.com/2026/08/01/the-labor-market-could-become-so-backward-that-the-economy-will-have-to-shed-jobs-to-keep-unemployment-steady/,"https://fortune.com/img-assets/wp-content/uploads/2026/08/GettyImages-2273897892-e1785621366556.jpg?resize=1200,600",2026-08-01T23:15:22Z,President Donald Trumps immigration crackdown and the surge in baby boomer retirements could soon redefine what it means to have a healthy labor market.Americans have long been conditioned to expect … [+3445 chars]
"{'id': None, 'name': '24/7 Wall St.'}",Gerelyn Terzo,"Meta Is Paying Workers to Learn a Trade. For Someone Near 60, the Real Prize May Be Delaying Social Security.","Meta's free trades program promises laid-off workers a guaranteed job offer, but for someone closing in on 60, the most valuable thing those wages could buy...",https://247wallst.com/personal-finance/social-security/2026/08/01/meta-is-paying-workers-to-learn-a-trade-for-someone-near-60-the-real-prize-may-be-delaying-social-security/,https://s.yimg.com/lo/mysterio/api/7B2FF9801B239D092AB616D5F83BAE884DC31CAAE9D79E93AF5CAED068CDB6DB/subgraphmysterio/resizefill_w1200_h800;quality_80;format_webp/https:%2F%2Fmedia.zenfs.com%2Fen%2F24_7_wall_st__718%2Fcd7ccd2b0215612751830210f7ecc6be,2026-08-01T18:02:39Z,"Quick Read
<ul><li>META's $115 million Workforce Academy offers free trade training, living stipends, and a guaranteed contractor job offer in four states.
</li><li>Claiming Social Security at 62 i… [+5920 chars]"
"{'id': None, 'name': 'Crypto Briefing'}",Editorial Team,"Male labor force participation drops to 66%, hitting levels not seen since 1948","The decline in male labor force participation could reshape economic growth, consumer spending, and investment patterns, impacting markets.
The post Male labor force participation drops to 66%, hitting levels not seen since 1948 appeared first on Crypto Brief…",https://cryptobriefing.com/male-labor-force-participation-decline-66-percent/,https://static.cryptobriefing.com/wp-content/uploads/2026/08/01120826/united-states-department-of-labor-building-headquarters-800x420.jpeg,2026-08-01T16:08:29Z,"The shrinking male workforce carries implications for consumer spending, economic policy, and risk asset sentiment that crypto investors shouldn't ignore. Two out of every three American men aged 20 … [+2888 chars]"
"{'id': None, 'name': 'CNBC'}",Paxton Honerkamp,"Within Uber-Waymo split, a key labor battle over AVs is being waged in the nation's capital","Uber and Waymo are increasingly at odds about the autonomous future, including in a labor battle over mass AV deployment in Washington, D.C.",https://www.cnbc.com/2026/08/01/uber-waymo-autonomous-vehicle-regulation.html,https://image.cnbcfm.com/api/v1/image/108343307-1785519959302-gettyimages-2217693937-SENATE_TAX_BILL.jpeg?v=1785519995&w=1920&h=1080,2026-08-01T14:10:03Z,"In pushing back against mass autonomous vehicle deployment efforts, labor unions have found an unlikely ally Uber. 
A controversial bill currently being considered by the Washington, D.C. Council is… [+9704 chars]"
"{'id': None, 'name': 'DW (English)'}",Dasha Thyssen,Germany weighs the future of minijobs,"Germany's popular minijob system allows millions of workers, including students, to avoid paying income tax or social security contributions. But a reform is on the cards that may soon end this advantage.",https://www.dw.com/en/germany-weighs-the-future-of-minijobs/a-78147900,https://static.dw.com/image/78130605_6.jpg,2026-08-01T08:49:00Z,"When Anahita Abdollahi starts her shift, she first checks her emails to make sure she's up to date on all the library requests. The 26-year-old master's student from Iran describes her job as a ""part… [+7072 chars]"
"{'id': None, 'name': 'Credaily.com'}",Valerija I.,"Augusta, Richmond, Reno Top LinkedIn Growth Ranking","LinkedIn ranks Augusta first for job and talent growth, with Richmond and Reno highlighting emerging real estate markets beyond major metros.",https://www.credaily.com/briefs/augusta-richmond-reno-top-linkedin-growth-ranking/,https://s.yimg.com/lo/mysterio/api/8DBE60C64DE57149364288BA294DC30E782F2AAF1140A7770639DCBECC4836AD/subgraphmysterio/resizefill_w1200_h800;quality_80;format_webp/https:%2F%2Fmedia.zenfs.com%2Fen%2Fcre_daily_340%2Fc50094ad69a46cd38ef2e0c09fbace23,2026-08-01T08:14:55Z,"This story was originally published on CRE Daily. Join 70,000+ commercial real estate professionals getting daily news, market insights, and industry analysis delivered straight to their inbox with t… [+5633 chars]"
"{'id': None, 'name': 'TheStreet'}",Mary Helen Gillespie,"J.P. Morgan drops Fed rate bombshell over Warsh, inflation","The cool news is that the latest data from the Federal Reserve’s preferred inflation indicator came in lower than consensus in June, primarily due to a drop...",https://www.thestreet.com/fed/markets-fed-interest-rate-forecast-jpmorgan-warsh-inflation,https://s.yimg.com/lo/mysterio/api/09B4E2EDA920D2A6C198BB75D2DC5EDC068C51971D3B1302FAD5008220FF4CAE/subgraphmysterio/resizefill_w1200_h800;quality_80;format_webp/https:%2F%2Fmedia.zenfs.com%2Fen%2Fthestreet_881%2Fd9171f38ccde3962e3a52560be1cbdc6,2026-08-01T06:03:00Z,"The cool news is that the latest data from the Federal Reserve's preferred inflation indicator came in lower than consensus in June, primarily due to a drop in energy prices.
The not-so-cool news? D… [+5699 chars]"
"{'id': None, 'name': 'Juniperresearchgroup.com'}",,"Juniper Research Group — Legislative Bulletin: H.R. 3962, Speaker Pelosi’s Government Takeover of Health Care","On October 29, 2009, Speaker Pelosi and the House Democrat leadership introduced H.R. 3962, the Affordable Health Care for America Act. The legislation combines provisions in earlier versions approved by the Committees on Education and Labor, Energy and Comme…",http://www.juniperresearchgroup.com/post/2446/legislative-bulletin-h-r-3962-speaker-pelosis-government-takeover-of-health-care,http://www.juniperresearchgroup.com/img/hero.png,2026-08-01T04:14:03Z,"Tuesday, November 3, 2009On October 29, 2009, Speaker Pelosi and the House Democrat leadership introduced H.R. 3962, the Affordable Health Care for America Act. The legislation combines provisions in… [+125266 chars]"
"{'id': None, 'name': 'Forbes'}","Sachin H. Jain, Contributor, 
 Sachin H. Jain, Contributor
 https://www.forbes.com/sites/sachinjain/",We Need More Embedded Critics In Healthcare,Healthcare needs more leaders willing to call their babies ugly.  This kind of self-indictment will be necessary for the industry to finally begin to make real progress.,https://www.forbes.com/sites/sachinjain/2026/07/31/we-need-more-embedded-critics-in-healthcare/,https://imageio.forbes.com/specials-images/imageserve/6a6ce81d0fdd9ef70429b535/0x0.jpg?format=jpg&height=900&width=1600&fit=bounds,2026-07-31T18:29:05Z,"Larry Merlo, formerly the President and Chief Executive Officer, CVS Caremark Corporation, took the courageous action of ending the sale of cigarettes in CVS stores.
AFP via Getty Images
Every heal… [+14673 chars]"
"{'id': None, 'name': 'pymnts.com'}",PYMNTS,Senate Bill Aims to Map AI’s Impact on US Workforce,A bipartisan group of senators is advancing legislation that would require the federal government to collect more detailed information about how artificial intelligence is changing the workplace. The bill’s sponsors argue that policymakers need better data to…,https://www.pymnts.com/news/artificial-intelligence/2026/senate-bill-aims-to-map-ais-impact-on-us-workforce/,https://www.pymnts.com/wp-content/uploads/2023/03/Senate.jpg,2026-07-31T15:12:50Z,A bipartisan group of senators is advancing legislation that would require the federal government to collect more detailed information about how artificial intelligence is changing the workplace. The… [+4449 chars]
"{'id': None, 'name': 'The Conversation Africa'}","Abigail Taylor, Research Fellow, City-Region Economic Development Institute (City-REDI), University of Birmingham, John Colley, Professor of Practice, Associate Dean, Warwick Business School, University of Warwick, Kenneth Gibb, Professor of Housing Economics and Director, UK Collaborative Centre for Housing Evidence, University of Glasgow, Mike Savage, Professorial Research Fellow, International Inequalities Institute, London School of Economics and Political Science, Steve Schifferes, Honorary Research Fellow, City Political Economy Research Centre, City St George's, University of London",Britain’s quarter century: wealth and widening inequality,How finances and the economy have changed over 25 years.,https://theconversation.com/britains-quarter-century-wealth-and-widening-inequality-287410,https://images.theconversation.com/files/747440/original/file-20260713-57-7ii1ok.jpg?ixlib=rb-4.1.1&rect=0%2C430%2C5618%2C2809&q=45&auto=format&w=1356&h=668&fit=crop,2026-07-31T14:40:59Z,"In this second part in our series on how the UK has changed in the past 25 years, we look at the finances of both the nation and individuals, before turning to housing and business. 

The economy

St… [+22831 chars]"
"{'id': None, 'name': 'DW (English)'}",Jon Shelton,Germany news: Unemployment tops 3 million as industry slumps,"Over three million people are currently unemployed in Germany, with 1.1 million drawing unemployment checks, authorities say. Also, sales of air conditioners have doubled as heat continues to crush cities. DW has more. Germany's employment agency recorded a j…",https://www.dw.com/en/germany-news-unemployment-tops-3-million-as-industry-slumps/live-78191048,https://static.dw.com/image/78190025_6.jpg,2026-07-31T12:50:00Z,"Germany's Federal Employment Agency (BA) released its July unemployment numbers on Friday, showing an increase in joblessness. July's numbers jumped 71,000 over June, and 28,000 compared to July 2025… [+1373 chars]"
"{'id': None, 'name': 'Globalsecurity.org'}",John Pike,"Alert to Countries, Companies, and Other Entities Regarding North Korean IT Workers","""North Korea relies upon a network of skilled Information Technology (IT) workers, deployed within and outside of North Korea, to obtain false identities and remotely earn income to fund North Korea's unlawful nuclear weapons and ballistic missile programs.""",https://www.globalsecurity.org/wmd/library/news/dprk/2026/dprk-260731-state01.htm,,2026-07-31T12:00:00Z,"US Department of State
Media NoteOffice of the SpokespersonJuly 31, 2026
This alert is jointly issued by the U.S. Department of State and Federal Bureau of Investigation; Japan's Ministry of Foreig… [+8846 chars]"
"{'id': None, 'name': 'InfoQ.com'}",Holly Cummins,Presentation: The Free-Lunch Guide to Idea Circularity,"Holly Cummins discusses why ""nothing is new under the sun"" in tech. She maps historical architectural tradeoffs to modern cloud, microservices, and AI hype cycles. She connects financial debt (post-ZIRP) and technical debt to epistemic and sleep debt, showing…",https://www.infoq.com/presentations/tech-hype-cycles-architectural-tradeoffs/,https://res.infoq.com/presentations/tech-hype-cycles-architectural-tradeoffs/en/card_header_image/holly-cummins-twitter-card-1783578321356.jpg,2026-07-31T11:00:00Z,"Transcript
Holly Cummins: I walked here along the Thames this morning, which was beautiful. Anybody else managed to walk here along the Thames? Anybody throw up while they were walking along? No, go… [+35073 chars]"
"{'id': None, 'name': 'TheStreet'}",Mary Helen Gillespie,Fed interest-rate decision rocks Wall Street's inflation fears,The Federal Reserve’s July policymaking meeting ended with no interest-rate hikes nor forward guidance but with a boatload of Fed speak and word salad. Kevin...,https://www.thestreet.com/fed/markets-fed-july-meeting-interest-rate-decision-inflation-signals-september-hike,https://s.yimg.com/lo/mysterio/api/F1A4796B6C5FFED8159BF96D489BF58F37DF831D05D3931EAFD521B7B01FA3A5/subgraphmysterio/resizefill_w1200_h800;quality_80;format_webp/https:%2F%2Fmedia.zenfs.com%2Fen%2Fthestreet_881%2Fc37b30c866cd6334b42fbc14a1d54756,2026-07-30T16:33:00Z,"The Federal Reserve's July policymaking meeting ended with no interest-rate hikes nor forward guidance but with a boatload of Fed speak and word salad.
Kevin Warsh insisted the Fed will still be abl… [+8446 chars]"
"{'id': None, 'name': 'Crypto Briefing'}",Editorial Team,"Chicago Fed labor market indicators dip to 4.13% in July, signaling a quietly tightening job market","A tightening job market may influence Fed interest rate decisions, impacting sectors like retail and hospitality sensitive to employment shifts.
The post Chicago Fed labor market indicators dip to 4.13% in July, signaling a quietly tightening job market appea…",https://cryptobriefing.com/chicago-fed-labor-market-july-indicators/,https://static.cryptobriefing.com/wp-content/uploads/2026/07/30091929/chicago-fed-labor-market-indicators-dip-to-4-13-in-july-sign-800x420.jpeg,2026-07-30T13:19:33Z,"The advance reading dropped from 4.19%, offering crypto and risk-asset investors an early look at employment trends before the official BLS report lands next week. The Federal Reserve Bank of Chicago… [+1754 chars]"
"{'id': None, 'name': 'The American Prospect'}",Keyian Vafai,Employers Stall Labor Contracts for Years. A New Bill Could Change That.,"The Faster Labor Contracts Act, pending in the Senate, could compel employers to bargain with their unionized workers. 
The post Employers Stall Labor Contracts for Years. A New Bill Could Change That. appeared first on The American Prospect.",https://prospect.org/2026/07/30/faster-labor-contracts-act-unions-labor-nlrb-starbucks-amazon-josh-hawley/,https://i0.wp.com/prospect.org/wp-content/uploads/2026/07/Vafai-unions-8126-scaled.jpg?fit=2560%2C1707&ssl=1,2026-07-30T09:15:00Z,"When a fed-up bunch of baristas in Buffalo, New York, organized the first-ever Starbucks union in December of 2021, excitement rippled through the labor movement. Precarious fast-food workers around … [+10525 chars]"
"{'id': None, 'name': 'The American Prospect'}",Suzanne Gordon,A VA Medical Center Meltdown,"Persistent maintenance and staffing issues at a D.C.-based center reveal bigger problems with the VA health system.
The post A VA Medical Center Meltdown appeared first on The American Prospect.",https://prospect.org/2026/07/30/veterans-affairs-trump-collins-dc-va-medical-center-meltdown/,https://i0.wp.com/prospect.org/wp-content/uploads/2026/07/Gordon-VA-073026.webp?fit=1200%2C630&ssl=1,2026-07-30T09:00:00Z,"In Washington, D.C., scorching heat waves along the East Coast this summer have raised the temperature and humidity in a notoriously hot and muggy city, with the thermometer hitting 100 degrees or hi… [+14153 chars]"
"{'id': None, 'name': 'Digital Journal'}",Jon Stojan,Half of job Seekers get rejected by AI without a word,"New data show how AI hiring practices are changing job seeker behavior.
The post Half of job Seekers get rejected by AI without a word appeared first on Digital Journal.",https://www.digitaljournal.com/article/half-of-job-seekers-get-rejected-by-ai-without-a-word/,https://www.digitaljournal.com/wp-content/uploads/2026/07/TechTO-11-5.png,2026-07-29T23:22:05Z,"Opinions expressed by Digital Journal contributors are their own.
New data show how AI hiring practices are changing job seeker behavior.
Job seekers used to get a rejection email. Now, many get no… [+4683 chars]"
"{'id': 'fortune', 'name': 'Fortune'}",Sheryl Estrada,CFOs are hitting a ‘cost wall’ on AI,Accenture’s Chief AI and Data Officer Lan Guan warns that tokens are becoming AI’s hidden cost driver.,https://fortune.com/2026/07/29/cfo-hitting-cost-wall-ai-tokens-accenture/,"https://fortune.com/img-assets/wp-content/uploads/2026/07/GettyImages-2271797829.jpg?resize=1200,600",2026-07-29T12:03:59Z,"Good morning. For many companies, the biggest surprise in scaling AI isnt performanceits the bill. Tokens, the units behind every AI interaction, are quickly becoming a key driver of cost and scrutin… [+6468 chars]"
