state,gender,year,name,number
AL,F,1910,Lillian,99
AL,F,1910,Ruby,204
AL,F,1910,Helen,76
AL,F,1910,Eunice,41
AR,F,1910,Dora,42
CA,F,1910,Edna,62
CA,F,1910,Helen,239
CO,F,1910,Alice,46
FL,F,1910,Willie,71
FL,F,1910,Thelma,65
FL,F,1910,Ida,42
GA,F,1910,Viola,89
GA,F,1910,Laura,88
GA,F,1910,Frances,143
IA,F,1910,Alice,104
IA,F,1910,Louise,52
IA,F,1910,Bernice,57
IA,F,1910,Gladys,98
IL,F,1910,Anna,370
IL,F,1910,Harriet,79
IL,F,1910,Eva,90
IL,F,1910,Adeline,54
IL,F,1910,Nellie,81
IN,F,1910,Doris,38
KY,F,1910,Flora,67
KY,F,1910,Viola,54
KY,F,1910,Geneva,40
KY,F,1910,Louise,90
LA,F,1910,Frances,63
LA,F,1910,Thelma,98
MA,F,1910,Ethel,105
MA,F,1910,Alice,313
MA,F,1910,Grace,135
MA,F,1910,Jean,40
MO,F,1910,Fern,39
MS,F,1910,Inez,43
MS,F,1910,Sarah,101
ND,F,1910,Gladys,50
NE,F,1910,Lucille,50
NE,F,1910,Esther,67
NJ,F,1910,Elsie,60
NJ,F,1910,Agnes,69
NM,F,1910,Maria,40
NY,F,1910,Elizabeth,579
NY,F,1910,Gertrude,380
NY,F,1910,Jessie,51
NY,F,1910,Nellie,55
OH,F,1910,Doris,97
OK,F,1910,Hazel,114
OK,F,1910,Emma,49
OK,F,1910,Eva,50
OR,F,1910,Mary,54
PA,F,1910,Lucy,80
SC,F,1910,Ethel,143
SC,F,1910,Annie,305
SC,F,1910,Minnie,93
TN,F,1910,Dorothy,102
TX,F,1910,Willie,260
TX,F,1910,Flora,40
TX,F,1910,Stella,69
TX,F,1910,Esther,69
TX,F,1910,Erma,38
TX,F,1910,Katie,58
VA,F,1910,Myrtle,74
VA,F,1910,Josephine,52
WI,F,1910,Lucille,75
WI,F,1910,Louise,48
WI,F,1910,Dorothy,207
WV,F,1910,Anna,88
WV,F,1910,Margaret,115
WV,F,1910,Eva,49
AL,F,1911,Mattie,209
AL,F,1911,Ada,41
AR,F,1911,Edith,60
AR,F,1911,Dorothy,75
CA,F,1911,Lucille,47
CT,F,1911,Mildred,79
CT,F,1911,Louise,43
DE,F,1911,Mary,49
FL,F,1911,Florence,38
GA,F,1911,Gussie,46
GA,F,1911,Lottie,43
IL,F,1911,Victoria,43
IL,F,1911,Leona,85
IL,F,1911,Anne,111
IL,F,1911,Sophie,62
IN,F,1911,Ethel,80
KY,F,1911,Evelyn,68
KY,F,1911,Carrie,52
KY,F,1911,Maggie,42
LA,F,1911,Lillian,111
LA,F,1911,Agnes,67
MA,F,1911,Eleanor,182
MA,F,1911,Emily,47
MA,F,1911,Marjorie,110
ME,F,1911,Mildred,46
MI,F,1911,Myrtle,39
MI,F,1911,Thelma,72
MN,F,1911,Frances,102
MO,F,1911,Beatrice,52
MO,F,1911,Nellie,79
MS,F,1911,Rosie,114
MS,F,1911,Elizabeth,109
MS,F,1911,Helen,70
NC,F,1911,Daisy,67
ND,F,1911,Ruth,61
NJ,F,1911,Edith,99
NJ,F,1911,Gertrude,95
NY,F,1911,Sally,130
NY,F,1911,Katherine,227
NY,F,1911,Christine,55
NY,F,1911,Kathleen,97
NY,F,1911,Angelina,153
OH,F,1911,Jean,77
OH,F,1911,Geraldine,44
OK,F,1911,Margaret,80
PA,F,1911,Ella,83
PA,F,1911,Mildred,628
PA,F,1911,Frances,475
PA,F,1911,Lottie,46
SC,F,1911,Ruth,140
SD,F,1911,Ruth,48
TN,F,1911,Jessie,73
TN,F,1911,Maggie,71
TX,F,1911,Ethel,154
TX,F,1911,Cora,61
TX,F,1911,Margarita,47
UT,F,1911,Mary,71
VA,F,1911,Hazel,114
WA,F,1911,Edna,46
WI,F,1911,Margaret,240
WV,F,1911,Nellie,81
WV,F,1911,Evelyn,57
AL,F,1912,Helen,128
AL,F,1912,Katie,71
AL,F,1912,Alberta,54
AR,F,1912,Elsie,59
AR,F,1912,Thelma,116
AR,F,1912,Lola,52
AR,F,1912,Lucille,95
AR,F,1912,Josephine,45
AR,F,1912,Edith,88
CA,F,1912,Charlotte,42
FL,F,1912,Rose,38
FL,F,1912,Gertrude,47
GA,F,1912,Hazel,80
GA,F,1912,Rosa,194
GA,F,1912,Fannie,180
GA,F,1912,Anna,113
IA,F,1912,Vera,62
IA,F,1912,Dorothy,323
IL,F,1912,Marian,125
IN,F,1912,Pearl,46
KS,F,1912,Frances,103
KY,F,1912,Ada,75
KY,F,1912,Florence,91
LA,F,1912,Mildred,167
LA,F,1912,Virginia,57
MA,F,1912,Jean,67
MA,F,1912,Claire,45
MA,F,1912,Edith,161
MI,F,1912,Theresa,49
MI,F,1912,Alice,183
MI,F,1912,Mildred,221
MI,F,1912,Lillian,158
MN,F,1912,Esther,159
MO,F,1912,Sylvia,46
MS,F,1912,Pauline,53
MS,F,1912,Laura,77
MS,F,1912,Mildred,108
MS,F,1912,Jessie,111
NC,F,1912,Lois,80
ND,F,1912,Marie,43
ND,F,1912,Alice,72
NE,F,1912,Laura,42
NJ,F,1912,Jean,142
NJ,F,1912,Hazel,71
NJ,F,1912,Josephine,171
NJ,F,1912,Marion,152
NM,F,1912,Frances,41
NY,F,1912,Alice,585
NY,F,1912,Sarah,264
NY,F,1912,Tessie,56
NY,F,1912,Lee,49
NY,F,1912,Nellie,98
OH,F,1912,Charlotte,83
PA,F,1912,Carolyn,47
PA,F,1912,Doris,147
PA,F,1912,Stella,290
PA,F,1912,Emily,101
PA,F,1912,Lydia,52
PA,F,1912,Dora,65
PA,F,1912,Lucy,96
PA,F,1912,Jennie,233
PA,F,1912,Marian,182
PA,F,1912,Dorothea,61
PA,F,1912,Charlotte,141
PA,F,1912,Goldie,57
SC,F,1912,Sara,59
SC,F,1912,Louise,205
SD,F,1912,Mabel,40
SD,F,1912,Mary,108
TN,F,1912,Effie,38
TN,F,1912,Mattie,153
TN,F,1912,Jessie,115
TN,F,1912,Cora,56
TX,F,1912,Mae,63
TX,F,1912,Mamie,86
TX,F,1912,Eula,84
TX,F,1912,Nancy,41
UT,F,1912,Dorothy,51
VA,F,1912,Julia,80
VA,F,1912,Evelyn,161
VA,F,1912,Sarah,141
VA,F,1912,Gladys,170
VT,F,1912,Ruth,48
WA,F,1912,Doris,42
WA,F,1912,Esther,51
WI,F,1912,Martha,68
WI,F,1912,Ethel,103
WV,F,1912,Josephine,38
AL,F,1913,Effie,55
AL,F,1913,Jewell,42
AL,F,1913,Agnes,55
AL,F,1913,Lena,53
AL,F,1913,Marie,126
AZ,F,1913,Margaret,38
CA,F,1913,Jane,81
FL,F,1913,Myrtle,45
FL,F,1913,Edna,73
FL,F,1913,Julia,48
GA,F,1913,Pearl,118
GA,F,1913,Mae,79
GA,F,1913,Jennie,50
HI,F,1913,Mary,60
IA,F,1913,Lucille,120
IL,F,1913,Leona,154
IL,F,1913,Viola,124
IL,F,1913,Alberta,58
IN,F,1913,Frances,208
KS,F,1913,Nellie,49
KY,F,1913,Ada,71
KY,F,1913,Laura,97
LA,F,1913,Marguerite,60
LA,F,1913,Velma,43
LA,F,1913,Clara,75
LA,F,1913,Effie,38
LA,F,1913,Irma,47
MA,F,1913,Beatrice,171
MA,F,1913,Maria,43
MA,F,1913,Olga,37
MD,F,1913,Edith,60
MI,F,1913,Leona,108
MN,F,1913,Verna,39
MN,F,1913,Catherine,76
MN,F,1913,Laura,40
MO,F,1913,Florence,140
MS,F,1913,Sadie,37
MS,F,1913,Maggie,92
NC,F,1913,Catherine,80
NC,F,1913,Bertha,147
NC,F,1913,Vera,56
NC,F,1913,Geneva,66
NE,F,1913,Pauline,44
NJ,F,1913,Lena,59
NJ,F,1913,Betty,71
NY,F,1913,Vincenza,42
NY,F,1913,Dorothy,1623
NY,F,1913,Julia,353
NY,F,1913,Goldie,42
NY,F,1913,Phyllis,112
NY,F,1913,Angela,102
NY,F,1913,Frances,1012
OH,F,1913,Eva,108
OK,F,1913,Mabel,60
OK,F,1913,Erma,37
OK,F,1913,Geneva,52
OR,F,1913,Elizabeth,40
PA,F,1913,Jennie,242
PA,F,1913,Naomi,85
PA,F,1913,Bessie,121
PA,F,1913,Isabelle,77
PA,F,1913,Margaret,1991
SC,F,1913,Mattie,143
SC,F,1913,Lillie,154
SC,F,1913,Grace,74
SC,F,1913,Rose,54
SC,F,1913,Nancy,55
SD,F,1913,Mildred,63
TN,F,1913,Dorothy,191
TN,F,1913,Velma,64
TN,F,1913,Maggie,68
TN,F,1913,Sadie,45
TN,F,1913,Ruth,263
TX,F,1913,Ethel,200
TX,F,1913,Virginia,192
TX,F,1913,Nina,53
VA,F,1913,Katherine,85
VA,F,1913,Fannie,79
WI,F,1913,Marcella,76
WI,F,1913,Mary,458
WI,F,1913,Lorraine,115
WV,F,1913,Ruth,216
AL,F,1914,Christine,50
AL,F,1914,Nellie,122
AL,F,1914,Callie,42
AR,F,1914,Alma,75
AR,F,1914,Essie,46
CA,F,1914,Genevieve,56
CA,F,1914,Emma,65
CA,F,1914,Elsie,89
CA,F,1914,Kathleen,46
CA,F,1914,Lucille,103
CA,F,1914,Lillian,149
CO,F,1914,Evelyn,62
DC,F,1914,Catherine,45
FL,F,1914,Myrtle,50
FL,F,1914,Cora,40
GA,F,1914,Ellen,45
GA,F,1914,Mable,56
GA,F,1914,Edith,101
IA,F,1914,Kathryn,94
IA,F,1914,Martha,89
IL,F,1914,Alice,473
IL,F,1914,Patricia,66
IL,F,1914,Kathleen,56
IL,F,1914,Pearl,138
IL,F,1914,Frances,616
IN,F,1914,Wilma,115
IN,F,1914,Irma,37
IN,F,1914,Leona,65
IN,F,1914,Marie,199
IN,F,1914,Mildred,389
KS,F,1914,Marie,116
KS,F,1914,Esther,107
KY,F,1914,Ada,58
KY,F,1914,Esther,50
KY,F,1914,Edith,165
KY,F,1914,Beulah,84
KY,F,1914,Sue,38
LA,F,1914,Grace,54
MA,F,1914,Anita,56
MA,F,1914,Jean,136
MA,F,1914,Olga,62
MA,F,1914,Winifred,63
MA,F,1914,Florence,385
MD,F,1914,Edith,86
MD,F,1914,Julia,58
MD,F,1914,Anne,49
ME,F,1914,Rose,38
ME,F,1914,Barbara,54
MN,F,1914,Margaret,442
MN,F,1914,June,47
MN,F,1914,Rose,151
MO,F,1914,Gertrude,112
MO,F,1914,Elsie,107
MO,F,1914,Clara,136
MO,F,1914,Geneva,58
MO,F,1914,Edna,235
MS,F,1914,Annie,417
MS,F,1914,Mary,970
MT,F,1914,Evelyn,41
NC,F,1914,Ora,37
NC,F,1914,Lottie,72
NC,F,1914,Nina,55
NC,F,1914,Mary,1581
NC,F,1914,Alberta,45
ND,F,1914,Eva,41
NE,F,1914,Clara,68
NE,F,1914,Fern,41
NJ,F,1914,Mary,1449
NJ,F,1914,Amelia,37
NJ,F,1914,Frances,317
NY,F,1914,Sylvia,914
NY,F,1914,Rebecca,68
NY,F,1914,Hattie,45
NY,F,1914,Annette,108
NY,F,1914,Julia,426
NY,F,1914,Muriel,260
NY,F,1914,Elsie,337
OH,F,1914,Opal,91
OH,F,1914,Bessie,100
OH,F,1914,Donna,52
OK,F,1914,Sylvia,39
OK,F,1914,Agnes,49
OK,F,1914,Frances,144
OK,F,1914,Alma,75
PA,F,1914,Leona,170
PA,F,1914,Estella,43
PA,F,1914,Olive,117
PA,F,1914,Angela,60
PA,F,1914,Victoria,147
PA,F,1914,Edythe,43
PA,F,1914,Fay,44
SC,F,1914,Lucille,171
SC,F,1914,Clara,80
SC,F,1914,Josephine,66
SD,F,1914,Irene,48
TN,F,1914,Reba,44
TN,F,1914,Bessie,131
TN,F,1914,Willie,224
TX,F,1914,Beatrice,173
TX,F,1914,Juana,83
UT,F,1914,Ruth,107
UT,F,1914,Evelyn,37
UT,F,1914,Mildred,42
VA,F,1914,Mary,1265
VA,F,1914,Lelia,50
VA,F,1914,Audrey,40
VA,F,1914,Lottie,56
WA,F,1914,Florence,83
WA,F,1914,Gertrude,42
WA,F,1914,Hazel,60
WI,F,1914,Lillian,169
WI,F,1914,Phyllis,44
WV,F,1914,Frances,122
WV,F,1914,Bertha,58
WV,F,1914,Opal,84
AL,F,1915,Wilma,56
AL,F,1915,Julia,137
AL,F,1915,Alma,133
AR,F,1915,Reba,53
AR,F,1915,Minnie,97
AR,F,1915,Margaret,183
CA,F,1915,Catherine,125
CA,F,1915,Mary,998
CA,F,1915,Thelma,124
CA,F,1915,Violet,67
CO,F,1915,Bertha,40
CT,F,1915,Antoinette,47
CT,F,1915,Mary,989
FL,F,1915,Willie,123
FL,F,1915,Pauline,46
GA,F,1915,Maude,56
GA,F,1915,Edith,124
GA,F,1915,Naomi,64
GA,F,1915,Irene,164
IA,F,1915,Pearl,84
IA,F,1915,Blanche,50
IA,F,1915,Bernice,191
IA,F,1915,Verna,57
IA,F,1915,Loretta,54
IL,F,1915,Bernice,597
IN,F,1915,Charlotte,81
KS,F,1915,Lillian,69
KS,F,1915,Thelma,134
KS,F,1915,Julia,40
KS,F,1915,Evelyn,188
KS,F,1915,Wilma,149
KY,F,1915,Nettie,53
KY,F,1915,Lillie,110
LA,F,1915,Hazel,209
LA,F,1915,Myrtle,110
LA,F,1915,Florence,113
LA,F,1915,Elsie,67
LA,F,1915,Ethel,184
LA,F,1915,Pauline,62
LA,F,1915,Mattie,83
MA,F,1915,Geraldine,60
MA,F,1915,Kathryn,74
MA,F,1915,Constance,88
MA,F,1915,Minnie,53
MA,F,1915,Flora,44
MD,F,1915,Laura,65
MD,F,1915,Gladys,118
MD,F,1915,Sylvia,44
MD,F,1915,Helen,414
MI,F,1915,Jeanette,62
MI,F,1915,Winifred,56
MN,F,1915,Virginia,171
MN,F,1915,Charlotte,96
MN,F,1915,Caroline,48
MN,F,1915,Violet,146
MN,F,1915,Ida,76
MO,F,1915,Myrtle,109
MO,F,1915,Grace,166
MO,F,1915,Lillian,231
MO,F,1915,Ruth,649
MO,F,1915,Martha,233
MO,F,1915,Vivian,110
MS,F,1915,Dora,46
MS,F,1915,Estelle,45
MS,F,1915,Pearl,80
MS,F,1915,Helen,146
NC,F,1915,Eunice,92
NC,F,1915,Vivian,82
NC,F,1915,Bessie,243
NC,F,1915,Eliza,37
NC,F,1915,Lottie,66
NC,F,1915,Ida,147
NC,F,1915,Nettie,60
ND,F,1915,Ethel,54
NE,F,1915,Jean,48
NE,F,1915,Betty,40
NJ,F,1915,Madeline,103
NJ,F,1915,Lydia,42
NJ,F,1915,Anita,51
NY,F,1915,Daisy,39
NY,F,1915,Lena,312
NY,F,1915,Theresa,543
NY,F,1915,Pearl,347
NY,F,1915,Clara,403
NY,F,1915,Fannie,199
NY,F,1915,Yolanda,87
NY,F,1915,Isabelle,122
OH,F,1915,Eloise,52
OH,F,1915,Dora,63
OH,F,1915,Minnie,69
OH,F,1915,Lillian,423
OH,F,1915,Jeanette,80
OK,F,1915,Wilma,78
OK,F,1915,Opal,288
OK,F,1915,Maggie,37
OK,F,1915,Hazel,289
OK,F,1915,Lula,50
OK,F,1915,Catherine,39
OR,F,1915,Evelyn,65
PA,F,1915,Lois,262
PA,F,1915,Edythe,61
PA,F,1915,Eleanore,70
PA,F,1915,Helene,80
PA,F,1915,Madeline,180
PA,F,1915,Jeanette,69
RI,F,1915,Irene,62
SC,F,1915,Mary,1098
SC,F,1915,Addie,52
SC,F,1915,Lula,101
SD,F,1915,Dorothy,142
TN,F,1915,Helen,284
TN,F,1915,Mildred,355
TN,F,1915,Mae,82
TN,F,1915,Lucile,53
TX,F,1915,Nancy,75
TX,F,1915,Thelma,368
TX,F,1915,Virgie,50
TX,F,1915,Ella,202
TX,F,1915,Norma,72
TX,F,1915,Eunice,108
TX,F,1915,Elvira,68
TX,F,1915,Dollie,41
UT,F,1915,Mary,183
UT,F,1915,Grace,60
VA,F,1915,Charlotte,59
VA,F,1915,Gracie,44
WA,F,1915,Maxine,59
WI,F,1915,Vera,87
WI,F,1915,Ida,70
WI,F,1915,Blanche,60
WV,F,1915,Helen,413
WV,F,1915,Olive,51
WV,F,1915,Laura,57
WV,F,1915,Geraldine,42
WV,F,1915,Maxine,58
WV,F,1915,Georgia,58
AL,F,1916,Mary,1722
AL,F,1916,Dorothy,233
AL,F,1916,Johnnie,90
AL,F,1916,Irene,153
AL,F,1916,Eleanor,50
AL,F,1916,Pearlie,45
AL,F,1916,Jimmie,46
AL,F,1916,Myrtle,177
AZ,F,1916,Margaret,55
CA,F,1916,Patricia,105
CA,F,1916,Grace,167
CA,F,1916,Bernice,148
CO,F,1916,Elsie,57
CT,F,1916,Esther,83
CT,F,1916,Nellie,51
CT,F,1916,Kathryn,44
CT,F,1916,Florence,198
FL,F,1916,Willie,139
FL,F,1916,Eva,58
FL,F,1916,Beatrice,62
FL,F,1916,Ruby,118
FL,F,1916,Sarah,68
GA,F,1916,Naomi,48
GA,F,1916,Lillian,254
GA,F,1916,Lila,40
GA,F,1916,Jewel,62
GA,F,1916,Rebecca,56
GA,F,1916,Christine,112
IA,F,1916,Sarah,41
IA,F,1916,Loretta,51
ID,F,1916,Marjorie,39
ID,F,1916,Lois,38
IL,F,1916,Sarah,147
IL,F,1916,Anne,390
IL,F,1916,Luella,47
IL,F,1916,Kathryn,248
IL,F,1916,Phyllis,194
IL,F,1916,Wilma,230
IL,F,1916,Jennie,166
IL,F,1916,Eugenia,46
IN,F,1916,Lucille,197
IN,F,1916,Juanita,111
IN,F,1916,Marjorie,271
IN,F,1916,June,102
IN,F,1916,Anna,362
KS,F,1916,Frances,249
KS,F,1916,Marian,48
KS,F,1916,Ruby,151
KS,F,1916,Eleanor,75
KY,F,1916,Viola,94
KY,F,1916,Georgia,99
KY,F,1916,Dora,93
KY,F,1916,Leona,65
KY,F,1916,Effie,51
KY,F,1916,Eunice,48
LA,F,1916,Grace,90
LA,F,1916,Mamie,63
LA,F,1916,Minnie,52
LA,F,1916,Bessie,130
LA,F,1916,Catherine,87
MA,F,1916,Phyllis,257
MA,F,1916,Genevieve,103
MA,F,1916,Viola,82
MA,F,1916,Mae,42
MA,F,1916,Caroline,75
MA,F,1916,Jennie,232
MD,F,1916,Marguerite,46
MD,F,1916,Ida,72
MD,F,1916,Mary,960
MD,F,1916,Martha,78
MD,F,1916,Kathryn,43
ME,F,1916,Eleanor,79
ME,F,1916,Beatrice,63
MI,F,1916,Esther,292
MI,F,1916,Ruby,71
MI,F,1916,Marcella,39
MI,F,1916,Eleanore,79
MN,F,1916,Laura,75
MN,F,1916,Alma,74
MN,F,1916,Doris,219
MN,F,1916,Agnes,207
MN,F,1916,Louise,160
MN,F,1916,Geraldine,57
MO,F,1916,Inez,58
MO,F,1916,Bernice,210
MO,F,1916,Eunice,92
MO,F,1916,Florence,240
MS,F,1916,Josie,38
MS,F,1916,Helen,172
MS,F,1916,Rebecca,37
MS,F,1916,Leola,44
MS,F,1916,Nettie,52
MS,F,1916,Vivian,39
MT,F,1916,Josephine,46
MT,F,1916,Virginia,73
MT,F,1916,Anna,40
NC,F,1916,Etta,48
NC,F,1916,Rena,38
NC,F,1916,Mable,124
NE,F,1916,Phyllis,73
NE,F,1916,Clara,67
NE,F,1916,Jean,61
NE,F,1916,Lucille,127
NJ,F,1916,Emily,117
NJ,F,1916,Patricia,37
NJ,F,1916,Philomena,39
NJ,F,1916,Theresa,162
NM,F,1916,Frances,46
NY,F,1916,Beatrice,884
NY,F,1916,Alice,942
NY,F,1916,May,123
NY,F,1916,Ann,760
NY,F,1916,Miriam,326
NY,F,1916,Clara,395
NY,F,1916,Olive,125
NY,F,1916,Frieda,175
NY,F,1916,Eva,233
OH,F,1916,Elinor,52
OH,F,1916,Sara,88
OH,F,1916,Geneva,70
OH,F,1916,Opal,107
OK,F,1916,Della,39
OK,F,1916,Goldie,50
OR,F,1916,Jean,61
OR,F,1916,Esther,47
PA,F,1916,Theresa,328
PA,F,1916,Wanda,128
PA,F,1916,Selma,51
PA,F,1916,Evelyn,930
PA,F,1916,Miriam,284
PA,F,1916,Doris,422
PA,F,1916,Concetta,51
PA,F,1916,Victoria,184
RI,F,1916,Alice,107
SC,F,1916,Jannie,70
SC,F,1916,Lillie,234
SC,F,1916,Lottie,70
SC,F,1916,Eula,66
SC,F,1916,Virginia,205
SD,F,1916,Vivian,48
SD,F,1916,Grace,71
TN,F,1916,Opal,106
TN,F,1916,Ruby,469
TN,F,1916,Naomi,41
TN,F,1916,Maggie,103
TN,F,1916,Irene,155
TN,F,1916,Pearl,131
TX,F,1916,Mamie,110
TX,F,1916,Nellie,161
TX,F,1916,Laverne,53
TX,F,1916,Jessie,290
TX,F,1916,Johnnie,166
TX,F,1916,Alice,358
TX,F,1916,Dolores,50
TX,F,1916,Margarita,85
UT,F,1916,Virginia,86
UT,F,1916,Hazel,44
VA,F,1916,Madeline,42
WA,F,1916,Irene,71
WA,F,1916,Katherine,55
WA,F,1916,Marion,57
WI,F,1916,Anita,70
WI,F,1916,Frieda,43
WI,F,1916,Myrtle,142
WI,F,1916,Veronica,40
WV,F,1916,Catherine,72
WV,F,1916,Jessie,56
AL,F,1917,Ethel,252
AL,F,1917,Callie,44
AL,F,1917,Lucille,191
AL,F,1917,Nell,76
AL,F,1917,Georgia,75
AR,F,1917,Julia,57
AR,F,1917,Ollie,63
AR,F,1917,Agnes,65
AR,F,1917,Beulah,63
AR,F,1917,Viola,64
AR,F,1917,Effie,45
AR,F,1917,Elizabeth,146
AR,F,1917,Evelyn,125
CA,F,1917,Lupe,43
CA,F,1917,Esther,116
CA,F,1917,Bertha,45
CA,F,1917,Flora,38
CA,F,1917,Margaret,549
CA,F,1917,Pearl,56
CO,F,1917,Thelma,62
CT,F,1917,Elsie,79
CT,F,1917,Bernice,82
FL,F,1917,Betty,38
FL,F,1917,Julia,61
FL,F,1917,Marie,90
FL,F,1917,Elizabeth,128
GA,F,1917,Marion,78
GA,F,1917,Cleo,60
GA,F,1917,Christine,115
GA,F,1917,Edna,287
GA,F,1917,Ellen,66
GA,F,1917,Rosa,268
GA,F,1917,Clyde,42
IA,F,1917,Beatrice,50
IA,F,1917,Esther,217
IA,F,1917,Loretta,68
IA,F,1917,Thelma,161
IA,F,1917,Virginia,311
IA,F,1917,Elizabeth,208
IA,F,1917,Edith,129
IL,F,1917,Beverly,46
IL,F,1917,Imogene,50
IL,F,1917,Celia,54
IN,F,1917,Naomi,89
IN,F,1917,Margaret,707
IN,F,1917,Frances,369
IN,F,1917,Grace,154
IN,F,1917,Barbara,73
KS,F,1917,Anna,167
KS,F,1917,Mildred,336
KS,F,1917,Lillian,81
KS,F,1917,Beulah,53
KY,F,1917,Georgia,114
KY,F,1917,Grace,154
LA,F,1917,Alma,125
LA,F,1917,Irma,70
LA,F,1917,Addie,41
LA,F,1917,Josephine,135
LA,F,1917,Catherine,96
LA,F,1917,Essie,43
LA,F,1917,Alice,159
MA,F,1917,Alma,58
MA,F,1917,Viola,90
MA,F,1917,Gladys,203
MD,F,1917,Virginia,239
MD,F,1917,Lucille,40
MD,F,1917,Theresa,42
ME,F,1917,Marion,71
MI,F,1917,Lucille,301
MI,F,1917,Ann,256
MI,F,1917,Shirley,82
MI,F,1917,Evelyn,474
MI,F,1917,Hazel,195
MI,F,1917,Kathryn,139
MN,F,1917,Leona,148
MN,F,1917,Mary,756
MO,F,1917,Hazel,301
MO,F,1917,Frances,442
MS,F,1917,Esther,37
MS,F,1917,Christine,80
MS,F,1917,Jewel,45
MS,F,1917,Bernice,89
MS,F,1917,Edith,79
MT,F,1917,Marie,69
NC,F,1917,Lola,57
NC,F,1917,Rosa,195
NE,F,1917,Geraldine,49
NE,F,1917,Elizabeth,121
NE,F,1917,Eileen,48
NH,F,1917,Lucille,44
NH,F,1917,Florence,55
NJ,F,1917,Kathryn,125
NJ,F,1917,Dorothea,62
NJ,F,1917,Angela,45
NJ,F,1917,Caroline,66
NJ,F,1917,Regina,60
NY,F,1917,Edna,589
NY,F,1917,Victoria,192
NY,F,1917,Miriam,415
NY,F,1917,Genevieve,361
NY,F,1917,Erma,48
NY,F,1917,Inez,63
NY,F,1917,Grace,909
NY,F,1917,Helene,128
NY,F,1917,Marcia,38
OH,F,1917,Genevieve,185
OH,F,1917,Frieda,43
OH,F,1917,Glenna,40
OH,F,1917,Nina,57
OH,F,1917,Fern,61
OH,F,1917,Sophie,124
OH,F,1917,Victoria,78
OK,F,1917,Bernice,105
OK,F,1917,Esther,91
OK,F,1917,Beulah,84
OK,F,1917,Verna,56
OR,F,1917,Virginia,97
OR,F,1917,Ellen,37
OR,F,1917,Margaret,146
PA,F,1917,Sue,103
PA,F,1917,Antoinette,138
PA,F,1917,Irene,820
PA,F,1917,Edith,671
PA,F,1917,Stephanie,50
PA,F,1917,Mildred,1523
RI,F,1917,Mildred,74
RI,F,1917,Rose,110
SC,F,1917,Sadie,115
SC,F,1917,Mary,1263
SC,F,1917,Florence,109
SD,F,1917,Marian,37
TN,F,1917,Nora,62
TN,F,1917,Rosa,65
TN,F,1917,Ina,50
TN,F,1917,Carrie,97
TN,F,1917,Ollie,71
TN,F,1917,Kathleen,56
TX,F,1917,Doris,310
TX,F,1917,Frances,597
TX,F,1917,Addie,91
TX,F,1917,Beulah,96
VA,F,1917,Martha,235
VA,F,1917,Betty,85
WA,F,1917,Marguerite,61
WI,F,1917,Catherine,175
WI,F,1917,Angeline,66
WI,F,1917,Emma,70
WI,F,1917,Martha,124
WI,F,1917,Audrey,65
WV,F,1917,Eula,37
WV,F,1917,Alma,88
WV,F,1917,Marie,117
AL,F,1918,Jimmie,42
AL,F,1918,Esther,63
AL,F,1918,Elsie,99
AR,F,1918,Cleo,42
AR,F,1918,Bessie,131
AR,F,1918,Gertrude,64
AR,F,1918,Lena,60
AR,F,1918,Nora,42
AR,F,1918,Ethel,163
CA,F,1918,Kathryn,91
CA,F,1918,Helen,641
CA,F,1918,Anita,99
CA,F,1918,Georgia,45
FL,F,1918,Lillian,72
FL,F,1918,Thelma,132
FL,F,1918,Margaret,180
GA,F,1918,Della,45
GA,F,1918,Lois,272
GA,F,1918,Mable,67
IA,F,1918,Ruth,643
IA,F,1918,Elsie,118
IA,F,1918,Sarah,52
IA,F,1918,Wilma,194
IL,F,1918,Marjorie,581
IL,F,1918,Wilma,248
IL,F,1918,Rosemary,140
IL,F,1918,Sophia,46
IL,F,1918,Bette,48
IL,F,1918,Hazel,325
IL,F,1918,Velma,127
IN,F,1918,Lola,43
KY,F,1918,Edith,276
KY,F,1918,Norma,42
KY,F,1918,June,68
KY,F,1918,Maxine,71
KY,F,1918,Edna,342
LA,F,1918,Ollie,53
MA,F,1918,Martha,123
MA,F,1918,Louise,378
MA,F,1918,Theresa,135
MD,F,1918,Hazel,86
MD,F,1918,Mildred,303
ME,F,1918,Marie,100
ME,F,1918,Gladys,52
ME,F,1918,Evelyn,86
MI,F,1918,Loretta,75
MI,F,1918,Betty,455
MI,F,1918,Gertrude,292
MN,F,1918,Selma,44
MN,F,1918,Marie,264
MN,F,1918,Joyce,96
MN,F,1918,Blanche,64
MN,F,1918,Joan,47
MO,F,1918,Ruth,798
MO,F,1918,Mable,61
MO,F,1918,Mary,1950
MS,F,1918,Lola,39
MS,F,1918,Mary,1348
MT,F,1918,Marie,83
MT,F,1918,Irene,75
MT,F,1918,Marjorie,89
NC,F,1918,Georgia,95
NC,F,1918,Doris,165
NC,F,1918,Mamie,177
NC,F,1918,Eleanor,69
ND,F,1918,Frances,120
ND,F,1918,Margaret,183
ND,F,1918,Marion,52
NH,F,1918,Virginia,49
NH,F,1918,Marion,42
NJ,F,1918,Nancy,94
NJ,F,1918,Louise,213
NJ,F,1918,Muriel,107
NJ,F,1918,Agnes,199
NJ,F,1918,Evelyn,414
NM,F,1918,Margaret,87
NY,F,1918,Libby,38
NY,F,1918,Beulah,96
NY,F,1918,Rachel,81
NY,F,1918,Marcia,51
NY,F,1918,Kay,57
NY,F,1918,Dolores,129
NY,F,1918,Carol,120
OH,F,1918,Margaret,1662
OH,F,1918,Dorothea,71
OH,F,1918,Madeline,53
OH,F,1918,Marcella,117
OH,F,1918,Carolyn,93
OK,F,1918,Verna,43
OK,F,1918,Georgia,102
OK,F,1918,Pauline,279
OK,F,1918,Eva,126
OK,F,1918,Lucile,40
OK,F,1918,Pearl,124
OR,F,1918,Frances,116
PA,F,1918,Annette,73
PA,F,1918,Laverne,53
PA,F,1918,Naomi,166
PA,F,1918,Phyllis,237
PA,F,1918,Marguerite,261
PA,F,1918,Anne,761
PA,F,1918,Claire,148
PA,F,1918,Janet,237
RI,F,1918,Anna,120
SC,F,1918,Viola,172
SC,F,1918,Beulah,69
SC,F,1918,Sadie,104
SD,F,1918,Elsie,54
TN,F,1918,Ruby,519
TN,F,1918,Sadie,47
TX,F,1918,Charlotte,56
TX,F,1918,Dixie,45
TX,F,1918,Eddie,64
TX,F,1918,Nadine,44
TX,F,1918,Faye,97
TX,F,1918,Mae,112
TX,F,1918,Estella,46
UT,F,1918,Frances,49
UT,F,1918,Wanda,49
VA,F,1918,Anne,98
VA,F,1918,Ella,153
VT,F,1918,Mildred,37
VT,F,1918,Marion,68
WA,F,1918,Clara,46
WA,F,1918,Shirley,58
WA,F,1918,Charlotte,39
WI,F,1918,Catherine,178
